Mnd,Ap,Hoyre,Frp,SV,SP,KrF,Venstre,MDG,Rodt,Andre,Ap_var,Hoyre_var,Frp_var,SV_var,SP_var,KrF_var,Venstre_var,MDG_var,Rodt_var,Andre_var,Ap_skandale,Hoyre_skandale,Frp_skandale,SV_skandale,Sp_skandale,KrF_skandale,Venstre_skandale,MDG_skandale,Rodt_skandale,Andre_skandale,AP_skandale_lag3,AP_skandale_lag6,Hoyre_skandale_lag3,Hoyre_skandale_lag6,Frp_skandale_lag3,Frp_skandale_lag6,SV_skandale_lag3,SV_skandale_lag6,Sp_skandale_lag3,Sp_skandale_lag6,KrF_skandale_lag3,KrF_skandale_lag6,Venstre_skandale_lag3,Venstre_skandale_lag6,MDG_skandale_lag3,MDG_skandale_lag6,Rodt_skandale_lag3,Rodt_skandale_lag6,Andre_skandale_lag3,Andre_skandale_lag6,Ap_reg,Hoyre_reg,Frp_reg,SV_reg,Sp_reg,KrF_reg,Venstre_reg,MDG_reg,Rodt_reg,Andre_reg,AP_reg_lag3,AP_reg_lag6,H_reg_lag3,H_reg_lag6,FRP_reg_lag3,FRP_reg_lag6,SV_reg_lag3,SV_reg_lag6,SP_reg_lag3,SP_reg_lag6,KRF_reg_lag3,KRF_reg_lag6,Venstre_reg_lag3,Venstre_reg_lag6,MDG_reg_lag3,MDG_reg_lag6,Rodt_reg_lag3,MDG_reg_lag6,Andre_reg_lag3,Andre_reg_lag6,ledighet,ledig_trend3,ledig_trend6,styringsrente,styringsrente_trend3,styringsrente_trend6
1/31/2008,29.3,17.2,23.9,7.4,6.1,6.4,6.5,0,1.3,0,,,,,,,,,,,0,0,0,0,0,0,0,0,0,0,,,,,,,,,,,,,,,,,,,,,1,0,0,1,1,0,0,0,0,0,,,,,,,,,,,,,,,,,,,,,2.6,,,5.25,,
2/29/2008,29,17.3,25.2,6.7,5.9,6.3,6.6,0,1.3,0,,,,,,,,,,,1,0,0,0,0,0,0,0,0,0,,,,,,,,,,,,,,,,,,,,,1,0,0,1,1,0,0,0,0,0,,,,,,,,,,,,,,,,,,,,,2.6,,,5.25,,
3/31/2008,28.7,18.1,25.2,7,5.6,6.1,6.3,0,1.1,0,,,,,,,,,,,0,0,0,0,0,0,0,0,0,0,1,,0,,0,,0,,0,,0,,0,,0,,0,,0,,1,0,0,1,1,0,0,0,0,0,3,,0,,0,,3,,3,,0,,0,,0,,0,,0,,2.6,0,,5.25,0,
4/30/2008,29,16.9,25.4,6.5,5.5,7,6.8,0,1.2,0,,,,,,,,,,,0,0,0,0,0,0,0,0,0,0,1,,0,,0,,0,,0,,0,,0,,0,,0,,0,,1,0,0,1,1,0,0,0,0,0,3,,0,,0,,3,,3,,0,,0,,0,,0,,0,,2.7,0.033,,5.31,0.02,
5/31/2008,28.9,17.8,25.9,6.7,5.7,6.2,6.2,0,1.4,0,,,,,,,,,,,0,0,0,0,0,0,0,0,0,0,0,,0,,0,,0,,0,,0,,0,,0,,0,,0,,1,0,0,1,1,0,0,0,0,0,3,,0,,0,,3,,3,,0,,0,,0,,0,,0,,2.8,0.067,,5.5,0.083333333,
6/30/2008,26,17.6,28.9,6.9,5.3,6.1,5.9,0,1.8,0,28.60267768,18.05408898,25.97338842,6.539324418,5.593098769,6.451452302,6.184583708,0,1.271515435,0.018056537,0,0,0,0,1,0,0,0,0,0,0,1,0,0,0,0,0,0,1,1,0,0,0,0,0,0,0,0,0,0,1,0,0,1,1,0,0,0,0,0,3,6,0,0,0,0,3,6,3,6,0,0,0,0,0,0,0,0,0,0,2.9,0.067,0.05,5.54,0.076666667,0.048333333
7/31/2008,26.9,17.2,30.2,6.6,4.7,6.1,5.4,0,1.9,0,26.44039067,17.22735122,28.78034794,6.841773031,4.808852293,6.09873386,6.151174126,0.089168427,1.888224374,0.144451248,0,0,0,0,0,0,0,0,0,0,0,1,0,0,0,0,0,0,1,1,0,0,0,0,0,0,0,0,0,0,1,0,0,1,1,0,0,0,0,0,3,6,0,0,0,0,3,6,3,6,0,0,0,0,0,0,0,0,0,0,2.9,0.033,0.05,5.75,0.083333333,0.083333333
8/31/2008,26.6,16.2,30.9,6.7,5.2,5.5,6,0,1.7,0,25.80921399,17.30599442,30.75344196,6.273995422,5.543448662,5.843062607,5.774235351,0,2.197377318,0,0,0,0,0,0,0,0,0,0,0,0,0,0,0,0,0,0,0,1,1,0,0,0,0,0,0,0,0,0,0,1,0,0,1,1,0,0,0,0,0,3,6,0,0,0,0,3,6,3,6,0,0,0,0,0,0,0,0,0,0,3,0.033,0.066666667,5.75,0.07,0.083333333
9/30/2008,28.9,15.2,29.9,6.3,5,5.7,5.9,0,1.5,0,26.89868268,15.58151072,30.63324067,6.780823482,4.744281645,5.981118329,6.104209995,0.004387699,1.797072344,0.186499592,0,0,0,0,0,0,0,0,0,0,0,0,0,0,0,0,0,0,0,1,0,0,0,0,0,0,0,0,0,0,1,0,0,1,1,0,0,0,0,0,3,6,0,0,0,0,3,6,3,6,0,0,0,0,0,0,0,0,0,0,3.1,0.067,0.066666667,5.75,0,0.073333333
10/31/2008,30.6,16.1,26.7,7.3,5.3,5.6,5.5,0,1.2,0,28.84451185,16.25196393,28.57827146,6.685911282,4.878530796,5.750953947,6.159452716,0.082939101,1.193059646,0.127203155,1,0,0,0,0,0,0,0,0,0,1,1,0,0,0,0,0,0,0,1,0,0,0,0,0,0,0,0,0,0,1,0,0,1,1,0,0,0,0,0,3,6,0,0,0,0,3,6,3,6,0,0,0,0,0,0,0,0,0,0,3.1,0.033,0.05,5.45,-0.1,-0.008333333
11/30/2008,31.4,15.9,24.2,7.8,5.5,6.6,5.8,0,1.4,0,31.09165303,16.52415199,25.77603478,6.96629546,5.127392721,5.995914626,5.787988103,0,1.033128747,0.099601046,0,0,0,0,0,0,0,0,0,0,1,1,0,0,0,0,0,0,0,1,0,0,0,0,0,0,0,0,0,0,1,0,0,1,1,0,0,0,0,0,3,6,0,0,0,0,3,6,3,6,0,0,0,0,0,0,0,0,0,0,3.1,0,0.033333333,4.75,-0.333333333,-0.131666667
12/31/2008,30.7,17.4,23.7,7.8,5.7,6.3,5.5,0,0.4,0,31.05071595,17.08570522,24.04606961,7.585252265,5.895426095,6.051892352,5.564827288,0.081319716,1.208466403,0,0,0,0,0,0,0,0,0,0,0,1,1,0,0,0,0,0,0,0,0,0,0,0,0,0,0,0,0,0,0,1,0,0,1,1,0,0,0,0,0,3,6,0,0,0,0,3,6,3,6,0,0,0,0,0,0,0,0,0,0,3.2,0.033,0.05,4.14,-0.436666667,-0.268333333
1/31/2009,33.9,16.1,23.2,7.5,5.5,6,4.8,0,0,0,32.41424415,15.48359309,23.02964563,7.538592127,6.473027685,6.354242527,5.695918401,0,0.586507489,0,0,0,0,0,0,0,0,0,0,0,0,1,0,0,0,0,0,0,0,0,0,0,0,0,0,0,0,0,0,0,1,0,0,1,1,0,0,0,0,0,3,6,0,0,0,0,3,6,3,6,0,0,0,0,0,0,0,0,0,0,3.2,0.033,0.033333333,3,-0.583333333,-0.458333333
2/28/2009,34,15.2,23.9,7.1,5,5.9,6.1,0,0,0,34.00500978,15.05939208,23.02235454,7.217234674,6.271771393,5.912472707,5.309713651,0.099750554,0.408715804,0.018725599,0,0,0,0,0,0,0,0,0,0,0,1,0,0,0,0,0,0,0,0,0,0,0,0,0,0,0,0,0,0,1,0,0,1,1,0,0,0,0,0,3,6,0,0,0,0,3,6,3,6,0,0,0,0,0,0,0,0,0,0,3.3,0.033,0.033333333,2.58,-0.52,-0.528333333
3/31/2009,32.8,13.8,27.3,7,5.5,6.2,5,0,0,0,32.86886163,14.53040036,24.70107911,7.218907247,5.896340465,6.304362749,5.447343255,0.141802047,0.272691122,0.104712961,0,0,0,0,0,0,0,0,0,0,0,1,0,0,0,0,0,0,0,0,0,0,0,0,0,0,0,0,0,0,1,0,0,1,1,0,0,0,0,0,3,6,0,0,0,0,3,6,3,6,0,0,0,0,0,0,0,0,0,0,3.4,0.067,0.05,2.41,-0.196666667,-0.506666667
4/30/2009,32.4,13.9,27.2,7.1,5.8,6,4.9,0,0,0,31.59620808,13.66100057,27.68278004,7.558053387,5.820629798,6.23554953,5.169338676,0,0,0.026496857,0,0,0,0,0,0,0,0,0,0,0,0,0,0,0,0,0,0,0,0,0,0,0,0,0,0,0,0,0,0,1,0,0,1,1,0,0,0,0,0,3,6,0,0,0,0,3,6,3,6,0,0,0,0,0,0,0,0,0,0,3.4,0.033,0.05,2,-0.193333333,-0.458333333
5/31/2009,32.9,13.8,26.4,7.5,5,6,5.4,0,0,0,33.93184396,13.41436337,25.78294012,7.154536577,5.564985002,6.013816512,5.263310432,0.034867929,0,0.133977705,0,0,0,0,0,0,0,0,0,0,0,0,0,0,0,0,0,0,0,0,0,0,0,0,0,0,0,0,0,0,1,0,0,1,1,0,0,0,0,0,3,6,0,0,0,0,3,6,3,6,0,0,0,0,0,0,0,0,0,0,3.4,0,0.033333333,1.58,-0.276666667,-0.426666667
6/30/2009,32.8,13.6,26.1,7.2,5.7,5.9,5.6,0,0,0,33.15947631,14.15514423,26.40210115,7.085298412,5.115737533,5.843426806,5.262349511,0.076287024,0,0.048162195,0,0,0,0,0,0,0,0,0,0,0,0,0,0,0,0,0,0,0,0,0,0,0,0,0,0,0,0,0,0,1,0,0,1,1,0,0,0,0,0,3,6,0,0,0,0,3,6,3,6,0,0,0,0,0,0,0,0,0,0,3.4,0,0.033333333,1.39,-0.203333333,-0.268333333
7/31/2009,33.5,13.1,27.5,7.1,5.2,6,4.9,0,0,0,33.3443618,13.56844587,26.34915886,7.226539097,5.618006528,5.962673585,5.327812167,0,0,0.011661075,0,0,0,0,0,0,0,0,0,0,0,0,0,0,0,0,0,0,0,0,0,0,0,0,0,0,0,0,0,0,1,0,0,1,1,0,0,0,0,0,3,6,0,0,0,0,3,6,3,6,0,0,0,0,0,0,0,0,0,0,3.4,0,0.016666667,1.25,-0.11,-0.221666667
8/31/2009,32.3,14.1,25.6,7.5,5.9,6.1,5.3,0,0,0,32.69972645,13.41278312,27.37621462,7.300590542,5.267642481,6.12424021,5.124983142,0.021096723,0.078468043,0,0,0,0,0,0,0,0,0,0,0,0,0,0,0,0,0,0,0,0,0,0,0,0,0,0,0,0,0,0,0,1,0,0,1,1,0,0,0,0,0,3,6,0,0,0,0,3,6,3,6,0,0,0,0,0,0,0,0,0,0,3.4,0,0,1.25,-0.046666667,-0.193333333
9/30/2009,32.6,16.2,23,7.1,6,6.4,5.3,0,0,0,33.26081792,13.63444176,25.035291,7.402056642,5.835078592,6.104032528,5.427199903,0.037690444,0,0.284996143,0,0,0,0,0,0,0,0,0,0,0,0,0,0,0,0,0,0,0,0,0,0,0,0,0,0,0,0,0,0,1,0,0,1,1,0,0,0,0,0,3,6,0,0,0,0,3,6,3,6,0,0,0,0,0,0,0,0,0,0,3.5,0.033,0.016666667,1.25,0,-0.125
10/31/2009,35.3,19.3,22.8,6.1,5.4,4.4,4.1,0,0,0,33.02327948,16.90196258,22.81792087,7.055468172,6.278771832,5.910864779,5.032110056,0.095986736,0,0,0,0,0,0,0,0,0,0,0,0,0,0,0,0,0,0,0,0,0,0,0,0,0,0,0,0,0,0,0,0,1,0,0,1,1,0,0,0,0,0,3,6,0,0,0,0,3,6,3,6,0,0,0,0,0,0,0,0,0,0,3.6,0.067,0.033333333,1.27,0.006666667,-0.051666667
11/30/2009,34,20.1,21.9,6,5.8,5.8,4.1,0,1.4,0,34.1282386,18.74180694,23.35758778,6.103858678,4.965387318,5.561917558,4.30714263,0.092696516,0.498916843,0.130404178,0,0,0,0,0,0,0,0,0,0,0,0,0,0,0,0,0,0,0,0,0,0,0,0,0,0,0,0,0,0,1,0,0,1,1,0,0,0,0,0,3,6,0,0,0,0,3,6,3,6,0,0,0,0,0,0,0,0,0,0,3.7,0.067,0.05,1.5,0.083333333,0.018333333
12/31/2009,30.7,21.5,23.1,7.2,5.4,5.4,4.1,0,1.8,0,30.46278662,21.80679602,22.96725249,6.445188262,5.670126681,5.539707545,4.227531656,0.258784364,1.480866299,0,0,0,0,0,0,0,0,0,0,0,0,0,0,0,0,0,0,0,0,0,0,0,0,0,0,0,0,0,0,0,1,0,0,1,1,0,0,0,0,0,3,6,0,0,0,0,3,6,3,6,0,0,0,0,0,0,0,0,0,0,3.8,0.067,0.066666667,1.61,0.113333333,0.06
1/31/2010,31.3,21.5,23.4,6.5,5.5,5.3,4,0,1.5,0,30.73878973,20.77288707,23.68773564,6.898070702,5.157500891,5.525311817,4.055336692,0.047289248,1.825941462,0.185006227,0,0,0,0,0,0,0,0,0,0,0,0,0,0,0,0,0,0,0,0,0,0,0,0,0,0,0,0,0,0,1,0,0,1,1,0,0,0,0,0,3,6,0,0,0,0,3,6,3,6,0,0,0,0,0,0,0,0,0,0,3.9,0.067,0.083333333,1.75,0.083333333,0.083333333
2/28/2010,32.6,22.4,22.7,6.5,5.1,4.3,3.9,0,1.5,0,31.51779435,22.08823204,22.8843928,6.458589121,4.607738828,4.802392483,4.491531498,0.14819541,1.871752814,0,0,0,0,0,0,0,0,0,0,0,0,0,0,0,0,0,0,0,0,0,0,0,0,0,0,0,0,0,0,0,1,0,0,1,1,0,0,0,0,0,3,6,0,0,0,0,3,6,3,6,0,0,0,0,0,0,0,0,0,0,3.9,0.033,0.066666667,1.75,0.046666667,0.083333333
3/31/2010,31.1,22.2,23.7,6.2,5.2,4.8,4.1,0,1.6,0.3,31.9597471,21.96204676,23.29604281,6.222435009,4.95888687,4.902711254,4.073384226,0.069313427,2.052529261,0,0,0,0,0,0,0,0,0,0,0,0,0,0,0,0,0,0,0,0,0,0,0,0,0,0,0,0,0,0,0,1,0,0,1,1,0,0,0,0,0,3,6,0,0,0,0,3,6,3,6,0,0,0,0,0,0,0,0,0,0,3.9,0,0.05,1.75,0,0.08
4/30/2010,29.8,23.6,23.9,6.2,5.2,5,3.8,0,1.3,0.6,29.58076393,22.91193326,23.7007677,6.576695948,5.194865615,4.909751718,4.116843702,0.20045869,1.710697038,0.468344919,0,0,0,0,0,0,0,0,0,0,0,0,0,0,0,0,0,0,0,0,0,0,0,0,0,0,0,0,0,0,1,0,0,1,1,0,0,0,0,0,3,6,0,0,0,0,3,6,3,6,0,0,0,0,0,0,0,0,0,0,4,0.033,0.05,1.75,0,0.041666667
5/31/2010,30.2,24.3,22.6,5.9,5.4,4.9,4.1,0,1.3,1.3,29.43526238,23.47747794,23.7535727,6.361478389,5.627469458,4.921991313,3.901752499,0.07146379,1.318882309,0.455146891,0,0,0,0,0,0,0,0,0,0,0,0,0,0,0,0,0,0,0,0,0,0,0,0,0,0,0,0,0,0,1,0,0,1,1,0,0,0,0,0,3,6,0,0,0,0,3,6,3,6,0,0,0,0,0,0,0,0,0,0,4,0.033,0.033333333,1.96,0.07,0.058333333
6/30/2010,28.7,24.9,23.5,6.1,5.3,4.9,3.8,0,1.5,1.3,29.31701026,24.68883259,22.70826921,6.021795563,5.314332386,4.838160085,4.082909529,0.07119535,1.474583875,1.292114855,0,0,0,0,0,0,0,0,0,0,0,0,0,0,0,0,0,0,0,0,0,0,0,0,0,0,0,0,0,0,1,0,0,1,1,0,0,0,0,0,3,6,0,0,0,0,3,6,3,6,0,0,0,0,0,0,0,0,0,0,4,0,0.016666667,2,0.083333333,0.041666667
7/31/2010,29,25.5,22.3,5.6,5.4,5.1,4.3,0,1.4,1.5,28.62121924,24.97216257,23.51330184,5.938354996,5.313529272,4.867970783,3.815052459,0.114821075,1.433672887,1.376046739,0,0,0,0,0,0,0,0,0,0,0,0,0,0,0,0,0,0,0,0,0,0,0,0,0,0,0,0,0,0,1,0,0,1,1,0,0,0,0,0,3,6,0,0,0,0,3,6,3,6,0,0,0,0,0,0,0,0,0,0,4,0,0.016666667,2,0.013333333,0.041666667
8/31/2010,26.6,27.1,22.8,5.6,5,5.3,4.6,0,1.8,1.2,28.99365285,25.62490173,22.20966718,5.664153622,5.584239097,4.875334626,4.166730768,0.105252178,1.440786051,1.553652031,0,0,0,0,0,0,0,0,0,0,0,0,0,0,0,0,0,0,0,0,0,0,0,0,0,0,0,0,0,0,1,0,0,1,1,0,0,0,0,0,3,6,0,0,0,0,3,6,3,6,0,0,0,0,0,0,0,0,0,0,3.9,-0.033,0,2,0,0.041666667
9/30/2010,27.5,27.2,22.9,5.5,5,4.6,4.5,0,1.6,1.2,26.88839896,27.02605959,23.52103149,5.58245021,4.773517116,5.072901133,4.136852297,0.192689192,1.548468053,1.243737997,0,0,0,0,1,0,0,0,0,0,0,0,0,0,0,0,0,0,1,1,0,0,0,0,0,0,0,0,0,0,1,0,0,1,1,0,0,0,0,0,3,6,0,0,0,0,3,6,3,6,0,0,0,0,0,0,0,0,0,0,3.9,-0.033,-0.016666667,2,0,0.041666667
10/31/2010,28.9,26.1,23.6,5.4,4.7,4.3,4.1,0,1.6,1.3,28.11307572,26.80475224,23.22484007,5.618654068,4.497258382,4.920846712,4.452514643,0,1.488839126,1.287823626,0,0,0,0,0,0,0,0,0,0,0,0,0,0,0,0,0,0,1,1,0,0,0,0,0,0,0,0,0,0,1,0,0,1,1,0,0,0,0,0,3,6,0,0,0,0,3,6,3,6,0,0,0,0,0,0,0,0,0,0,3.7,-0.067,-0.05,2,0,0.006666667
11/30/2010,27.7,26.2,24.1,5.5,4.9,4.6,4.4,0,1.5,1,28.2479003,26.28209332,23.5528171,5.771091573,4.020834238,4.804688449,4.378182194,0.041809364,1.828568362,1.171211706,0,0,0,0,0,0,0,0,0,0,0,0,0,0,0,0,0,0,1,1,0,0,0,0,0,0,0,0,0,0,1,0,0,1,1,0,0,0,0,0,3,6,0,0,0,0,3,6,3,6,0,0,0,0,0,0,0,0,0,0,3.6,-0.1,-0.066666667,2,0,0
12/31/2010,26.1,26.1,25.3,5.8,4.9,4.7,4.2,0,1.5,1.4,27.12695885,26.54170168,23.56709102,5.728076881,5.064218931,4.671064082,4.486946661,0.099761263,1.487791852,1.17494602,0,0,0,0,0,0,0,0,0,0,0,0,0,0,0,0,0,0,0,1,0,0,0,0,0,0,0,0,0,0,1,0,0,1,1,0,0,0,0,0,3,6,0,0,0,0,3,6,3,6,0,0,0,0,0,0,0,0,0,0,3.5,-0.067,-0.083333333,2,0,0
1/31/2011,27.5,26.3,23.8,5.5,4.9,4.6,4.3,0,1.5,1.5,25.73968241,25.98826678,25.55415901,5.719782543,5.200885226,4.535227909,4.219627426,0.043457262,1.625360168,1.276879946,0,0,0,0,0,0,0,0,0,0,0,0,0,0,0,0,0,0,0,1,0,0,0,0,0,0,0,0,0,0,1,0,0,1,1,0,0,0,0,0,3,6,0,0,0,0,3,6,3,6,0,0,0,0,0,0,0,0,0,0,3.5,-0.033,-0.066666667,2,0,0
2/28/2011,27.7,26.2,23.2,5.7,4.9,4.8,4.8,0,1.5,1.2,28.12198296,26.19736917,23.20116827,5.532146506,4.952581809,4.584801555,4.432245483,0,1.343470233,1.565600555,0,0,0,0,0,0,0,0,0,0,0,0,0,0,0,0,0,0,0,1,0,0,0,0,0,0,0,0,0,0,1,0,0,1,1,0,0,0,0,0,3,6,0,0,0,0,3,6,3,6,0,0,0,0,0,0,0,0,0,0,3.5,0,-0.066666667,2,0,0
3/31/2011,28.2,27.2,22.2,6,4.9,4.4,4.1,0,1.6,1.3,27.48378334,26.75672277,23.48827586,5.60046341,4.757407338,4.772779399,4.476444085,0,1.508610207,1.215181291,0,0,1,0,0,0,0,0,0,0,0,0,0,0,1,1,0,0,0,0,0,0,0,0,0,0,0,0,0,0,1,0,0,1,1,0,0,0,0,0,3,6,0,0,0,0,3,6,3,6,0,0,0,0,0,0,0,0,0,0,3.5,0,-0.033333333,2,0,0
4/30/2011,29.3,27,18.9,5.8,5.3,5,5.3,0,1.6,1.7,28.44135005,27.39762733,21.91222248,5.926314007,4.693396408,4.641862673,4.253617601,0.028709877,1.396319203,1.330916404,0,0,0,0,0,0,0,0,0,0,0,0,0,0,1,1,0,0,0,0,0,0,0,0,0,0,0,0,0,0,1,0,0,1,1,0,0,0,0,0,3,6,0,0,0,0,3,6,3,6,0,0,0,0,0,0,0,0,0,0,3.5,0,-0.016666667,2,0,0
5/31/2011,29.9,27.3,19.2,5.6,5.1,4.9,5.3,0,1.6,1.1,29.31017915,27.21345232,18.66798832,6.254279516,5.091978781,4.977789384,5.047871037,0.063960103,1.520204205,1.663105626,0,0,0,0,0,0,0,0,0,0,0,0,0,0,1,1,0,0,0,0,0,0,0,0,0,0,0,0,0,0,1,0,0,1,1,0,0,0,0,0,3,6,0,0,0,0,3,6,3,6,0,0,0,0,0,0,0,0,0,0,3.6,0.033,0.016666667,2.14,0.046666667,0.023333333
6/30/2011,29.1,29,19.1,5.2,5,5.4,4.3,0,1.6,1.2,29.20737273,27.57804974,19.99165965,5.595764358,4.951142049,4.990153575,4.859317909,0.003687033,1.716955504,1.128234105,0,0,0,0,0,0,0,0,0,0,0,0,0,0,0,1,0,0,0,0,0,0,0,0,0,0,0,0,0,0,1,0,0,1,1,0,0,0,0,0,3,6,0,0,0,0,3,6,3,6,0,0,0,0,0,0,0,0,0,0,3.6,0.033,0.016666667,2.25,0.083333333,0.041666667
7/31/2011,31.2,27,19.7,5.5,4.5,4.9,4.4,0,1.3,1.1,29.82823355,28.71795191,18.79700363,5.160197231,4.921225204,5.026679668,4.696397356,0.093420533,1.514902623,1.171469713,0,0,0,0,0,0,0,0,0,0,0,0,0,0,0,1,0,0,0,0,0,0,0,0,0,0,0,0,0,0,1,0,0,1,1,0,0,0,0,0,3,6,0,0,0,0,3,6,3,6,0,0,0,0,0,0,0,0,0,0,3.6,0,0.016666667,2.25,0.036666667,0.041666667
8/31/2011,38.4,22.5,17.2,5.3,4.5,5.1,4.1,0,1.5,1.2,32.46366541,25.27816931,20.10937715,5.232365635,4.786357994,4.942378646,4.518288647,0,1.270776907,1.072449495,0,0,0,0,0,0,0,0,0,0,0,0,0,0,0,1,0,0,0,0,0,0,0,0,0,0,0,0,0,0,1,0,0,1,1,0,0,0,0,0,3,6,0,0,0,0,3,6,3,6,0,0,0,0,0,0,0,0,0,0,3.5,-0.033,0,2.25,0,0.041666667
9/30/2011,34,27.1,16.5,4.3,5.2,4.7,5.4,0,1.6,1.4,37.52567843,23.55450686,16.68703179,5.069344789,4.651046306,5.119611413,4.589136795,0,1.456593668,1.268988662,0,0,1,0,0,0,0,0,0,0,0,0,0,0,1,1,0,0,0,0,0,0,0,0,0,0,0,0,0,0,1,0,0,1,1,0,0,0,0,0,3,6,0,0,0,0,3,6,3,6,0,0,0,0,0,0,0,0,0,0,3.5,-0.033,0,2.25,0,0.041666667
10/31/2011,33.9,29.3,13.8,4.5,4.6,5.3,4.9,0,1.7,1.8,32.89823723,28.23816182,15.66002872,5.175426056,4.929477977,5.23715237,4.482186714,0.39882844,1.420764404,1.647527386,0,0,1,0,0,0,0,0,0,0,0,0,0,0,2,2,0,0,0,0,0,0,0,0,0,0,0,0,0,0,1,0,0,1,1,0,0,0,0,0,3,6,0,0,0,0,3,6,3,6,0,0,0,0,0,0,0,0,0,0,3.6,0.033,0,2.25,0,0.018333333
11/30/2011,32.7,29.1,15.2,4.4,5.3,5.1,5.2,0,1.5,1.5,34.51864579,28.31491119,14.43856137,4.68632495,4.413727917,5.136032869,5.082166428,0.08994573,1.460184752,1.802597686,1,0,0,0,0,0,0,0,0,0,1,1,0,0,2,2,0,0,0,0,0,0,0,0,0,0,0,0,0,0,1,0,0,1,1,0,0,0,0,0,3,6,0,0,0,0,3,6,3,6,0,0,0,0,0,0,0,0,0,0,3.6,0.033,0,2.25,0,0
12/31/2011,32.7,29.6,15,4.2,5.2,5.4,5.1,0,1.3,1.6,33.29821315,28.7858033,16.17153363,4.101360848,4.764523241,5.085931671,4.802607506,0.000241714,1.688985918,1.432740714,0,0,0,0,0,0,0,0,0,0,1,1,0,0,1,2,0,0,0,0,0,0,0,0,0,0,0,0,0,0,1,0,0,1,1,0,0,0,0,0,3,6,0,0,0,0,3,6,3,6,0,0,0,0,0,0,0,0,0,0,3.6,0,0,1.99,-0.086666667,-0.043333333
1/31/2012,34.7,29.3,13.7,4.1,5,5.3,4.9,0,1.7,1.3,32.24443332,29.85141185,15.15514001,4.402287799,5.341534756,5.133908297,5.054224076,0.211637464,1.191526798,1.437684128,0,0,0,1,0,0,0,0,0,0,1,1,0,0,0,2,1,1,0,0,0,0,0,0,0,0,0,0,0,0,1,0,0,1,1,0,0,0,0,0,3,6,0,0,0,0,3,6,3,6,0,0,0,0,0,0,0,0,0,0,3.6,0,0.016666667,1.75,-0.166666667,-0.083333333
2/29/2012,34.4,27.9,14.4,4.8,5.1,5.1,5.3,0,1.3,1.6,35.38042475,28.63351454,13.70000563,4.241189599,4.839015067,5.36095887,5.032439724,0,1.492209531,1.628519397,0,0,0,0,0,0,1,0,0,0,0,1,0,0,0,2,1,1,0,0,0,0,1,1,0,0,0,0,0,0,1,0,0,1,1,0,0,0,0,0,3,6,0,0,0,0,3,6,3,6,0,0,0,0,0,0,0,0,0,0,3.6,0,0.016666667,1.75,-0.08,-0.083333333
3/31/2012,32.9,27.9,16.3,4.5,5.3,5.4,4.6,0.2,1.3,1.7,34.65851622,28.0889469,14.26870051,4.579988288,4.797644161,5.332489087,5.131589482,0.050058507,1.360583253,1.559201516,0,1,0,0,0,0,0,0,0,0,0,1,1,1,0,1,1,1,0,0,0,0,1,1,0,0,0,0,0,0,1,0,0,1,1,0,0,0,0,0,3,6,0,0,0,0,3,6,3,6,0,0,0,0,0,0,0,0,0,0,3.5,-0.033,-0.016666667,1.61,-0.046666667,-0.106666667
4/30/2012,30.5,29.4,17.3,4.5,5.1,5.1,5.2,0.2,1.4,1.4,31.78384118,28.34029207,16.43610166,4.617000385,5.806738526,5.0675825,4.770347967,0.214282278,1.583971951,1.414794143,0,0,0,0,0,0,0,0,0,0,0,1,1,1,0,0,0,1,0,0,0,0,1,1,0,0,0,0,0,0,1,0,0,1,1,0,0,0,0,0,3,6,0,0,0,0,3,6,3,6,0,0,0,0,0,0,0,0,0,0,3.4,-0.067,-0.033333333,1.5,-0.083333333,-0.125
5/31/2012,30.8,30.9,16,4.2,4.6,5.1,4.7,0.2,1.5,1.9,30.60255943,28.40923537,17.31051299,4.533080205,5.469158465,5.210077447,5.148503771,0.196691298,1.666142295,1.495752364,0,0,0,0,0,0,0,0,0,0,0,0,1,1,0,0,0,1,0,0,0,0,0,1,0,0,0,0,0,0,1,0,0,1,1,0,0,0,0,0,3,6,0,0,0,0,3,6,3,6,0,0,0,0,0,0,0,0,0,0,3.4,-0.033,-0.033333333,1.5,-0.036666667,-0.081666667
6/30/2012,29.9,32,16.2,4.3,4.7,4.7,4.8,0.1,1.5,1.8,30.78223943,30.96376069,16.27526778,4.054497453,4.825586174,4.928185021,4.85098807,0.16477485,1.463084756,1.812983343,0,0,0,0,0,0,0,0,0,0,0,0,0,1,0,0,0,1,0,0,0,0,0,1,0,0,0,0,0,0,1,0,0,1,1,0,0,0,0,0,3,6,0,0,0,0,3,6,3,6,0,0,0,0,0,0,0,0,0,0,3.4,0,-0.033333333,1.5,0,-0.041666667
7/31/2012,29.8,30.5,18.4,3.9,4.8,5,4.4,0.2,1.2,1.5,30.36307034,32.0212778,16.24559913,4.288741616,4.363572508,4.919705925,4.687594964,0.099776345,1.285464605,1.905867965,0,0,0,0,0,0,0,0,0,0,0,0,0,1,0,0,0,0,0,0,0,0,0,1,0,0,0,0,0,0,1,0,0,1,1,0,0,0,0,0,3,6,0,0,0,0,3,6,3,6,0,0,0,0,0,0,0,0,0,0,3.4,0,-0.033333333,1.5,0,-0.041666667
8/31/2012,30.2,31.6,17.3,4,4.4,4.6,4.7,0.2,1.7,1.3,29.58515202,30.15469136,18.49414606,3.934221809,5.014944218,4.838322124,4.680034759,0.280175851,1.347302195,1.540824542,0,0,0,0,0,0,0,0,0,0,0,0,0,1,0,0,0,0,0,0,0,0,0,0,0,0,0,0,0,0,1,0,0,1,1,0,0,0,0,0,3,6,0,0,0,0,3,6,3,6,0,0,0,0,0,0,0,0,0,0,3.4,0,-0.016666667,1.5,0,-0.018333333
9/30/2012,29.2,33.5,16.6,3.9,4.3,5.2,3.9,0.6,1.8,1,29.87884611,31.96152583,16.88735885,4.182010662,4.421286088,4.827104561,4.628821388,0.296865986,1.380583389,1.54451121,0,0,0,0,0,0,0,0,0,0,0,0,0,0,0,0,0,0,0,0,0,0,0,0,0,0,0,0,0,0,1,0,0,1,1,0,0,0,0,0,3,6,0,0,0,0,3,6,3,6,0,0,0,0,0,0,0,0,0,0,3.5,0.033,0.016666667,1.5,0,0
10/31/2012,27.8,33.9,17.2,4.1,4.4,5,4.5,0.5,1.4,1.3,29.34516872,33.93615544,16.54666539,3.845187997,4.339385467,4.800366538,4.093027906,0.392800353,1.727919851,0.974943558,0,0,0,0,0,0,0,0,0,0,0,0,0,0,0,0,0,0,0,0,0,0,0,0,0,0,0,0,0,0,1,0,0,1,1,0,0,0,0,0,3,6,0,0,0,0,3,6,3,6,0,0,0,0,0,0,0,0,0,0,3.6,0.067,0.033333333,1.5,0,0
11/30/2012,29.6,31.4,17,4.4,4.5,5,4.9,0.3,1.5,1.2,28.77507008,33.1292975,17.80285004,3.818236495,4.469516693,4.830162202,4.238515984,0.381113669,1.601736978,1.001239212,1,0,0,0,0,0,0,0,0,0,1,1,0,0,0,0,0,0,0,0,0,0,0,0,0,0,0,0,0,0,1,0,0,1,1,0,0,0,0,0,3,6,0,0,0,0,3,6,3,6,0,0,0,0,0,0,0,0,0,0,3.7,0.067,0.05,1.5,0,0
12/31/2012,28.6,32,16.2,4.3,4.7,5.3,5.2,0.6,1.8,1.2,29.42716743,31.17521471,17.64632967,4.281159921,4.426299003,4.911861408,4.891452916,0.286770338,1.435764461,1.269388588,0,0,0,0,0,0,0,0,0,0,1,1,0,0,0,0,0,0,0,0,0,0,0,0,0,0,0,0,0,0,1,0,0,1,1,0,0,0,0,0,3,6,0,0,0,0,3,6,3,6,0,0,0,0,0,0,0,0,0,0,3.7,0.033,0.05,1.5,0,0
1/31/2013,28.6,33.6,15.9,4.1,4.4,5.5,4.4,0.6,1.4,1.3,27.9555527,33.1278115,15.75335553,4.710286678,4.550162789,5.287952676,4.941675896,0.446737707,1.779093616,1.326506083,0,0,0,0,0,0,0,0,0,0,1,1,0,0,0,0,0,0,0,0,0,0,0,0,0,0,0,0,0,0,1,0,0,1,1,0,0,0,0,0,3,6,0,0,0,0,3,6,3,6,0,0,0,0,0,0,0,0,0,0,3.8,0.033,0.066666667,1.5,0,0
2/28/2013,28.4,32.9,15.6,4.9,4.7,5.3,4.5,0.9,1.4,1.3,29.38759081,33.19099956,15.71329913,4.037315857,4.474110688,5.36932784,4.583166204,0.558356555,1.428840384,1.091024171,0,0,0,0,0,0,0,0,0,0,0,1,0,0,0,0,0,0,0,0,0,0,0,0,0,0,0,0,0,0,1,0,0,1,1,0,0,0,0,0,3,6,0,0,0,0,3,6,3,6,0,0,0,0,0,0,0,0,0,0,3.9,0.067,0.066666667,1.5,0,0
3/31/2013,28.1,32.4,16.8,4.4,4.8,5.2,4.7,1,1.4,1.1,28.54682362,32.51745736,15.96114623,4.469550292,4.880834711,5.248024977,4.622270801,0.832764208,1.460019357,1.181647631,0,0,0,0,0,0,0,0,0,0,0,1,0,0,0,0,0,0,0,0,0,0,0,0,0,0,0,0,0,0,1,0,0,1,1,0,0,0,0,0,3,6,0,0,0,0,3,6,3,6,0,0,0,0,0,0,0,0,0,0,3.9,0.033,0.05,1.5,0,0
4/30/2013,27.7,32.6,16.5,5,4.8,5.1,4.5,1,1.5,1.4,27.3815241,32.52243645,16.84500891,4.524260292,5.346683044,5.07313478,4.596259427,1.03400442,1.62413869,1.073754749,0,0,0,0,0,0,0,0,0,0,0,1,0,0,0,0,0,0,0,0,0,0,0,0,0,0,0,0,0,0,1,0,0,1,1,0,0,0,0,0,3,6,0,0,0,0,3,6,3,6,0,0,0,0,0,0,0,0,0,0,3.9,0,0.033333333,1.5,0,0
5/31/2013,28.9,31.8,16,4.7,4.5,5.3,4.7,1.4,1.5,1.3,27.1297841,32.24176803,16.72809886,5.008903986,4.931709071,5.357186767,4.714885067,0.876551163,1.688876541,1.343947392,0,0,0,0,0,0,0,0,0,0,0,0,0,0,0,0,0,0,0,0,0,0,0,0,0,0,0,0,0,0,1,0,0,1,1,0,0,0,0,0,3,6,0,0,0,0,3,6,3,6,0,0,0,0,0,0,0,0,0,0,3.9,0,0.033333333,1.5,0,0
6/30/2013,28.6,32,16.4,4.3,4.5,5.3,4.2,1.5,1.5,1.5,28.5264948,32.05163377,15.68566599,4.93336274,4.588791766,5.195316807,4.784383613,1.324027627,1.681839909,1.31470585,0,0,0,0,0,0,0,0,0,0,0,0,0,0,0,0,0,0,0,0,0,0,0,0,0,0,0,0,0,0,1,0,0,1,1,0,0,0,0,0,3,6,0,0,0,0,3,6,3,6,0,0,0,0,0,0,0,0,0,0,3.9,0,0.016666667,1.5,0,0
7/31/2013,28,31.6,16.2,3.9,4.6,5.2,5.2,2.3,1.9,1.2,28.82670505,31.65707165,15.90946468,4.331103343,4.603469029,5.29051974,4.55637957,1.670699939,1.588221228,1.470588612,0,0,0,0,0,0,0,0,0,0,0,0,0,0,0,0,0,0,0,0,0,0,0,0,0,0,0,0,0,0,1,0,0,1,1,0,0,0,0,0,3,6,0,0,0,0,3,6,3,6,0,0,0,0,0,0,0,0,0,0,3.9,0,0,1.5,0,0
8/31/2013,29,28.9,15.2,4.3,5.3,5.4,5.3,3.5,1.5,1.5,27.47068264,31.6126618,16.38437668,4.285697997,4.844611763,5.136321811,4.826515491,2.404206894,1.726117109,1.394417289,0,0,0,0,0,0,0,0,0,0,0,0,0,0,0,0,0,0,0,0,0,0,0,0,0,0,0,0,0,0,1,0,0,1,1,0,0,0,0,0,3,6,0,0,0,0,3,6,3,6,0,0,0,0,0,0,0,0,0,0,3.8,-0.033,-0.016666667,1.5,0,0
9/30/2013,29.7,27,15.9,4.8,5.1,6,5.5,3.2,1.4,1.4,28.93215064,28.39797762,15.19504337,4.842197516,5.115960442,5.71079476,5.518242854,3.104426798,1.704718566,1.363072776,0,0,0,0,0,0,0,0,0,0,0,0,0,0,0,0,0,0,0,0,0,0,0,0,0,0,0,0,0,0,1,0,0,1,1,0,0,0,0,0,3,6,0,0,0,0,3,6,3,6,0,0,0,0,0,0,0,0,0,0,3.8,-0.033,-0.016666667,1.5,0,0
10/31/2013,31.9,27.8,14.6,4.1,4.7,5.5,5.6,3.2,1.3,1.3,30.36894117,27.43219352,15.81874027,4.728556976,4.91548249,5.658883016,5.45181051,3.234767289,1.197587313,1.060207878,0,0,0,0,0,0,0,0,0,0,0,0,0,0,0,0,0,0,0,0,0,0,0,0,0,0,0,0,0,0,0,1,1,0,0,0,0,0,0,0,2,5,1,1,1,1,2,5,2,5,0,0,0,0,0,0,0,0,0,0,3.9,0.033,0,1.5,0,0
11/30/2013,32.2,27.9,14.5,4,5,5.4,5.4,3.3,1.2,1.1,31.59237738,27.1586517,14.90504924,4.211253142,5.295201667,5.355856254,5.706395595,3.288430016,1.253956832,1.26543274,0,0,0,0,0,0,0,0,0,0,0,0,0,0,0,0,0,0,0,0,0,0,0,0,0,0,0,0,0,0,0,1,1,0,0,0,0,0,0,0,1,4,2,2,2,2,1,4,1,4,0,0,0,0,0,0,0,0,0,0,3.9,0.033,0,1.5,0,0
12/31/2013,33.3,27.8,14.2,3.9,4.8,5.4,5.2,2.9,1.2,1.3,32.05259622,27.90411751,14.13623486,4.373646088,4.994701574,5.430471384,5.541428933,3.25754452,1.176831248,1.143415649,0,0,0,0,0,0,0,0,0,0,0,0,0,0,0,0,0,0,0,0,0,0,0,0,0,0,0,0,0,0,0,1,1,0,0,0,0,0,0,0,0,3,3,3,3,3,0,3,0,3,0,0,0,0,0,0,0,0,0,0,3.9,0,0,1.5,0,0
1/31/2014,33.5,29.1,13.6,3.9,4.5,5.3,4.7,3.1,1.2,1.2,33.3854802,27.84357526,14.35939078,3.591403111,4.827722366,5.470893752,5.161032463,3.068148298,1.328398049,1.185033766,0,0,0,0,0,0,0,0,0,0,0,0,0,0,0,0,0,0,0,0,0,0,0,0,0,0,0,0,0,0,0,1,1,0,0,0,0,0,0,0,0,2,3,4,3,4,0,2,0,2,0,0,0,0,0,0,0,0,0,0,3.8,-0.033,0,1.5,0,0
2/28/2014,33.8,28.7,13.3,3.9,4.9,5.3,4.8,3,1.2,1.1,32.84449369,29.2737231,13.18664357,3.955556647,4.601509721,5.393811026,5.000327603,3.23985315,1.213936265,1.345898186,0,1,0,0,0,0,0,0,0,0,0,0,1,1,0,0,0,0,0,0,0,0,0,0,0,0,0,0,0,0,0,1,1,0,0,0,0,0,0,0,0,1,3,5,3,5,0,1,0,1,0,0,0,0,0,0,0,0,0,0,3.8,-0.033,0,1.5,0,0
3/31/2014,34.6,26.9,14.3,3.8,4.9,5,5.1,3.1,1.4,1.1,34.23350367,28.30046145,13.18117682,3.805413205,4.909517975,5.280363599,4.881308819,3.027604248,1.277952502,1.203526643,0,0,0,0,0,0,0,0,0,0,0,0,1,1,0,0,0,0,0,0,0,0,0,0,0,0,0,0,0,0,0,1,1,0,0,0,0,0,0,0,0,0,3,6,3,6,0,0,0,0,0,0,0,0,0,0,0,0,0,0,3.7,-0.033,-0.033333333,1.5,0,0
4/30/2014,34.2,27.5,14,3.7,4.5,5.4,5.3,3,1.3,1.3,33.85397848,26.89221932,14.60015549,3.893193533,4.859743043,5.291793656,4.934668592,3.192562374,1.509122675,1.131427648,0,0,0,0,0,0,0,0,0,0,0,0,1,1,0,0,0,0,0,0,0,0,0,0,0,0,0,0,0,0,0,1,1,0,0,0,0,0,0,0,0,0,3,6,3,6,0,0,0,0,0,0,0,0,0,0,0,0,0,0,3.7,-0.033,-0.033333333,1.5,0,0
5/31/2014,33.9,26.9,13.7,4,5.1,5.3,5.2,3.4,1.3,1.2,33.92435116,27.7937181,13.76149807,3.91324408,4.393519521,5.405173529,5.299753115,3.027670684,1.300499806,1.32296776,0,0,0,0,0,0,0,0,0,0,0,0,0,1,0,0,0,0,0,0,0,0,0,0,0,0,0,0,0,0,0,1,1,0,0,0,0,0,0,0,0,0,3,6,3,6,0,0,0,0,0,0,0,0,0,0,0,0,0,0,3.6,-0.033,-0.05,1.5,0,0
6/30/2014,35,26.3,13.8,3.5,5.3,5.2,4.8,3.6,1.3,1.3,34.36574309,26.53078383,13.66315257,4.213512095,4.797221236,5.347479599,5.268286432,3.232469393,1.267241433,1.236483943,0,0,0,0,0,0,0,0,0,0,0,0,0,1,0,0,0,0,0,0,0,0,0,0,0,0,0,0,0,0,0,1,1,0,0,0,0,0,0,0,0,0,3,6,3,6,0,0,0,0,0,0,0,0,0,0,0,0,0,0,3.7,0,-0.016666667,1.5,0,0
7/31/2014,36.3,26.8,12.3,3,5.3,4.6,5.3,3.6,1.5,1.2,34.83786632,26.81591946,13.11060928,3.498612731,5.361476559,5.179893396,5.022929808,3.76155425,1.41048085,1.189264859,0,0,0,0,0,0,0,0,0,0,0,0,0,1,0,0,0,0,0,0,0,0,0,0,0,0,0,0,0,0,0,1,1,0,0,0,0,0,0,0,0,0,3,6,3,6,0,0,0,0,0,0,0,0,0,0,0,0,0,0,3.8,0.067,0,1.5,0,0
8/31/2014,34.5,26.9,13.9,3.9,5.2,5.1,4.7,3.7,1.2,1.2,36.55677893,25.88518089,12.27509601,3.249470915,5.091637214,5.152830428,5.244947195,3.802092665,1.364147628,1.514689134,0,0,0,0,0,0,0,0,0,0,0,0,0,0,0,0,0,0,0,0,0,0,0,0,0,0,0,0,0,0,0,1,1,0,0,0,0,0,0,0,0,0,3,6,3,6,0,0,0,0,0,0,0,0,0,0,0,0,0,0,3.8,0.033,0.016666667,1.5,0,0
9/30/2014,35,26.6,14.1,3.6,5,5.1,4.8,3.5,1.2,1,33.35113169,27.56442938,14.43362259,3.72283407,5.476800139,4.932200259,4.832567154,3.693335558,1.185444532,1.038137618,0,0,0,0,0,0,0,0,0,0,0,0,0,0,0,0,0,0,0,0,0,0,0,0,0,0,0,0,0,0,0,1,1,0,0,0,0,0,0,0,0,0,3,6,3,6,0,0,0,0,0,0,0,0,0,0,0,0,0,0,3.9,0.033,0.033333333,1.5,0,0
10/31/2014,37.3,25.2,13.5,3.6,5.2,4.7,4.6,3.6,1.3,1.1,36.33669293,25.4835808,13.91546359,3.598399741,5.143640733,4.859582092,4.939535808,3.54007073,1.191168251,0.985254426,0,0,0,0,0,0,0,0,0,0,0,0,0,0,0,0,0,0,0,0,0,0,0,0,0,0,0,0,0,0,0,1,1,0,0,0,0,0,0,0,0,0,3,6,3,6,0,0,0,0,0,0,0,0,0,0,0,0,0,0,4,0.067,0.066666667,1.5,0,0
11/30/2014,40.2,22.6,11.5,3.9,5.3,5.9,4.7,3.5,1.4,1,36.31805223,25.53116022,13.07755341,3.745673727,5.296914564,4.939870804,4.924607144,3.590396426,1.368240915,1.175474824,0,0,0,0,0,0,0,0,0,0,0,0,0,0,0,0,0,0,0,0,0,0,0,0,0,0,0,0,0,0,0,1,1,0,0,0,0,0,0,0,0,0,3,6,3,6,0,0,0,0,0,0,0,0,0,0,0,0,0,0,4.1,0.067,0.066666667,1.5,0,0
12/31/2014,41.4,22.5,11.3,3.8,5.2,5.4,4.7,3.5,1.3,0.9,41.0832093,23.24865685,11.04324288,3.406779461,5.48627737,5.396354499,4.748828808,3.389462514,1.115707457,1.004689657,0,0,0,0,0,0,0,0,0,0,0,0,0,0,0,0,0,0,0,0,0,0,0,0,0,0,0,0,0,0,0,1,1,0,0,0,0,0,0,0,0,0,3,6,3,6,0,0,0,0,0,0,0,0,0,0,0,0,0,0,4.1,0.033,0.05,1.36,-0.046666667,-0.023333333
1/31/2015,41.5,22.6,11.3,3.7,5.4,5.3,4.6,3.4,1.2,1.1,41.8118335,22.58204295,10.87308637,3.664227247,5.165271143,5.520346278,4.539554566,3.58346821,1.09953415,0.997683278,0,0,0,0,0,0,0,0,0,0,0,0,0,0,0,0,0,0,0,0,0,0,0,0,0,0,0,0,0,0,0,1,1,0,0,0,0,0,0,0,0,0,3,6,3,6,0,0,0,0,0,0,0,0,0,0,0,0,0,0,4.2,0.033,0.066666667,1.25,-0.083333333,-0.041666667
2/28/2015,41.9,21.3,11.2,3.9,5.7,5.3,4.7,3.6,1.4,1.1,41.42642469,22.48320816,11.23874136,3.682986944,5.392799327,5.293483173,4.700361093,3.546585311,1.211424115,0.995442012,0,0,0,0,0,0,0,0,0,0,0,0,0,0,0,0,0,0,0,0,0,0,0,0,0,0,0,0,0,0,0,1,1,0,0,0,0,0,0,0,0,0,3,6,3,6,0,0,0,0,0,0,0,0,0,0,0,0,0,0,4.3,0.067,0.066666667,1.25,-0.036666667,-0.041666667
3/31/2015,41.4,22.7,10.4,3.6,5.8,5.5,4.5,3.2,1.5,1,41.5480328,20.80025712,11.66175586,3.907390878,5.884916424,5.470330558,4.689481346,3.480801323,1.662181005,1.015399934,0,0,0,0,0,0,0,0,0,0,0,0,0,0,0,0,0,0,0,0,0,0,0,0,0,0,0,0,0,0,0,1,1,0,0,0,0,0,0,0,0,0,3,6,3,6,0,0,0,0,0,0,0,0,0,0,0,0,0,0,4.4,0.067,0.066666667,1.25,0,-0.041666667
4/30/2015,39.5,23,11,3.6,5.6,5.7,4.9,4,1.4,1,42.19682802,22.85028475,9.637033105,3.466228154,5.669435991,5.395520201,4.593619228,3.510972984,1.24077276,1.208766679,0,0,0,0,0,0,0,0,0,0,0,0,0,0,0,0,0,0,0,0,0,0,0,0,0,0,0,0,0,0,0,1,1,0,0,0,0,0,0,0,0,0,3,6,3,6,0,0,0,0,0,0,0,0,0,0,0,0,0,0,4.5,0.067,0.066666667,1.25,0,-0.041666667
5/31/2015,38,24,12,3.6,5.8,5.2,4.6,4.1,1.5,1.4,39.47494248,22.49937221,11.58295419,3.701842949,5.946552748,5.474628557,4.624681422,3.945049853,1.383913109,0.966855743,0,0,0,0,0,0,0,0,0,0,0,0,0,0,0,0,0,0,0,0,0,0,0,0,0,0,0,0,0,0,0,1,1,0,0,0,0,0,0,0,0,0,3,6,3,6,0,0,0,0,0,0,0,0,0,0,0,0,0,0,4.6,0.067,0.083333333,1.25,0,-0.018333333
6/30/2015,39,22.5,12.3,3.5,5.7,5.4,4.5,4.4,1.5,1.2,37.38159556,23.97443382,12.67060441,3.637484254,5.838005202,5.364521704,4.530099884,4.003223385,1.679744416,1.182563265,0,1,0,0,0,0,0,0,0,0,0,0,1,1,0,0,0,0,0,0,0,0,0,0,0,0,0,0,0,0,0,1,1,0,0,0,0,0,0,0,0,0,3,6,3,6,0,0,0,0,0,0,0,0,0,0,0,0,0,0,4.7,0.067,0.083333333,1.16,-0.03,-0.015
7/31/2015,37.6,22.7,12.8,4.3,5.1,5.1,4.6,4.3,1.7,1.8,39.16289366,21.67657609,12.25902441,3.820606827,5.652499147,5.488677512,4.909649604,4.20732801,1.618006582,1.170168188,0,0,0,0,0,0,0,0,0,0,0,0,1,1,0,0,0,0,0,0,0,0,0,0,0,0,0,0,0,0,0,1,1,0,0,0,0,0,0,0,0,0,3,6,3,6,0,0,0,0,0,0,0,0,0,0,0,0,0,0,4.7,0.033,0.066666667,1,-0.083333333,-0.041666667
8/31/2015,36.3,23.8,12.7,4,5.8,4.9,4.5,4.7,1.7,1.7,36.87402036,23.14491435,12.73286951,4.037894624,5.315693976,5.193178612,4.741008496,4.508593081,1.703640194,1.821764782,0,0,0,0,0,0,0,0,0,0,0,0,1,1,0,0,0,0,0,0,0,0,0,0,0,0,0,0,0,0,0,1,1,0,0,0,0,0,0,0,0,0,3,6,3,6,0,0,0,0,0,0,0,0,0,0,0,0,0,0,4.8,0.033,0.066666667,1,-0.053333333,-0.041666667
9/30/2015,35.6,23.3,12.2,4.1,6.3,5.7,5.2,4.8,1.4,1.1,35.60970534,24.13124475,12.38408542,4.347297151,6.084621977,4.883998283,4.634319772,4.723232101,1.599669756,1.743869571,0,0,0,0,0,0,0,0,0,0,0,0,0,1,0,0,0,0,0,0,0,0,0,0,0,0,0,0,0,0,0,1,1,0,0,0,0,0,0,0,0,0,3,6,3,6,0,0,0,0,0,0,0,0,0,0,0,0,0,0,4.9,0.067,0.066666667,0.95,-0.016666667,-0.05
10/31/2015,36.4,22.9,12,4.2,6.6,5.5,5.2,4.2,1.8,1.1,36.38456666,22.86124208,12.16430088,4.121993108,6.517558793,5.391672519,5.112548386,4.63762162,1.526581947,0.974677465,0,0,0,0,0,0,0,0,0,0,0,0,0,1,0,0,0,0,0,0,0,0,0,0,0,0,0,0,0,0,0,1,1,0,0,0,0,0,0,0,0,0,3,6,3,6,0,0,0,0,0,0,0,0,0,0,0,0,0,0,5,0.067,0.066666667,0.75,-0.083333333,-0.083333333
11/30/2015,35.1,22,16.3,3.9,6.1,4.9,4.3,4.1,2,1.4,36.86287267,23.10617036,12.88973073,3.799742634,6.391794408,5.315151493,4.777636187,4.262920231,1.34104395,1.20390438,0,0,0,0,0,0,0,0,0,0,0,0,0,1,0,0,0,0,0,0,0,0,0,0,0,0,0,0,0,0,0,1,1,0,0,0,0,0,0,0,0,0,3,6,3,6,0,0,0,0,0,0,0,0,0,0,0,0,0,0,5,0.033,0.05,0.75,-0.066666667,-0.068333333
12/31/2015,34,22,17.5,3.7,6,5,4.1,4.3,1.9,1.3,35.08163562,21.34014229,16.65628317,4.070011188,5.602548053,5.125821263,4.474713257,4.144522952,2.019329203,1.485544952,0,0,0,0,0,0,0,0,0,0,0,0,0,0,0,0,0,0,0,0,0,0,0,0,0,0,0,0,0,0,0,1,1,0,0,0,0,0,0,0,0,0,3,6,3,6,0,0,0,0,0,0,0,0,0,0,0,0,0,0,5,0,0.05,0.75,0,-0.041666667
1/31/2016,32.7,24.2,16.4,4,5.9,4.8,4.5,4,2,1.3,34.02784073,21.61790011,16.84226432,3.795006,6.262302586,4.943815732,4.588754199,4.270649499,2.108749429,1.373595092,0,0,0,0,0,0,0,0,0,0,0,0,0,0,0,0,0,0,0,0,0,0,0,0,0,0,0,0,0,0,0,1,1,0,0,0,0,0,0,0,0,0,3,6,3,6,0,0,0,0,0,0,0,0,0,0,0,0,0,0,5,0,0.033333333,0.75,0,-0.041666667
2/29/2016,33,24.1,16.7,4.2,5.7,5.2,4.2,3.8,2,1.2,32.75092209,24.70937074,16.53166205,3.598878804,6.033542725,4.806381537,4.258936088,4.108551459,1.852741743,1.281751549,0,0,0,0,0,0,0,0,0,0,0,0,0,0,0,0,0,0,0,0,0,0,0,0,0,0,0,0,0,0,0,1,1,0,0,0,0,0,0,0,0,0,3,6,3,6,0,0,0,0,0,0,0,0,0,0,0,0,0,0,5,0,0.016666667,0.75,0,-0.033333333
3/31/2016,32.5,25.2,16.7,3.9,6.2,4.8,4.5,3.2,1.9,1.1,33.32946441,24.56234027,17.13263123,3.880320621,5.734064575,4.904467926,4.154428156,3.628832774,1.649644099,1.102966792,0,0,0,0,0,0,0,0,0,0,0,0,0,0,0,0,0,0,0,0,0,0,0,0,0,0,0,0,0,0,0,1,1,0,0,0,0,0,0,0,0,0,3,6,3,6,0,0,0,0,0,0,0,0,0,0,0,0,0,0,4.9,-0.033,-0.016666667,0.66,-0.03,-0.015
4/30/2016,33.8,23.7,16.4,4.2,6.1,5.3,4.5,3.2,1.5,1.3,33.20906135,25.16962578,16.44714487,3.962119785,5.768999801,4.934878279,4.291225193,3.207708085,1.771912624,1.224085788,0,0,0,0,0,0,0,0,0,0,0,0,0,0,0,0,0,0,0,0,0,0,0,0,0,0,0,0,0,0,0,1,1,0,0,0,0,0,0,0,0,0,3,6,3,6,0,0,0,0,0,0,0,0,0,0,0,0,0,0,4.9,-0.033,-0.016666667,0.5,-0.083333333,-0.041666667
5/31/2016,33.6,23.9,15.5,4,6.6,5.3,4.4,3.1,2.1,1.2,33.2897582,24.08135308,16.39400675,4.238439178,6.076044641,5.176972257,4.539504385,3.099653294,1.641295071,1.245509302,0,0,0,0,0,0,0,0,0,0,0,0,0,0,0,0,0,0,0,0,0,0,0,0,0,0,0,0,0,0,0,1,1,0,0,0,0,0,0,0,0,0,3,6,3,6,0,0,0,0,0,0,0,0,0,0,0,0,0,0,4.9,0,-0.016666667,0.5,-0.053333333,-0.041666667
6/30/2016,34.1,23.3,15.9,4.4,6.2,5,4.3,3.5,1.7,1.4,34.47029131,24.1511798,14.98195784,3.860792065,6.190629834,5.266384551,4.230110284,3.182790909,1.96304136,1.516542017,0,0,0,0,0,0,0,0,0,0,0,0,0,0,0,0,0,0,0,0,0,0,0,0,0,0,0,0,0,0,0,1,1,0,0,0,0,0,0,0,0,0,3,6,3,6,0,0,0,0,0,0,0,0,0,0,0,0,0,0,4.9,0,-0.016666667,0.5,0,-0.041666667
7/31/2016,31.3,25.4,15,4.2,7.4,5.1,4.6,2.8,2.4,0.6,33.99510611,23.18876783,15.51347133,4.38458551,6.237273343,5.377655418,4.347055863,3.487923616,1.796709967,1.353330381,0,0,0,0,0,0,0,0,0,0,0,0,0,0,0,0,0,0,0,0,0,0,0,0,0,0,0,0,0,0,0,1,1,0,0,0,0,0,0,0,0,0,3,6,3,6,0,0,0,0,0,0,0,0,0,0,0,0,0,0,4.9,0,-0.016666667,0.5,0,-0.041666667
8/31/2016,35.4,24.8,14.4,3.8,6.5,4.7,4.1,3.1,1.5,1.6,33.37986819,24.83523389,15.25258783,3.895308703,6.911758272,4.843200021,4.274560687,3.038761212,1.810520975,0.933415862,0,0,0,0,0,0,0,0,0,0,0,0,0,0,0,0,0,0,0,0,0,0,0,0,0,0,0,0,0,0,0,1,1,0,0,0,0,0,0,0,0,0,3,6,3,6,0,0,0,0,0,0,0,0,0,0,0,0,0,0,4.9,0,0,0.5,0,-0.026666667
9/30/2016,34.6,24.8,14.5,4.1,7.1,4.8,4.3,2.7,1.7,1.4,33.35724227,24.91183162,15.18899278,4.036099466,7.235677304,5.099924466,4.247231028,2.877021773,1.862327631,1.113695414,0,0,0,0,0,0,0,0,0,0,0,0,0,0,0,0,0,0,0,0,0,0,0,0,0,0,0,0,0,0,0,1,1,0,0,0,0,0,0,0,0,0,3,6,3,6,0,0,0,0,0,0,0,0,0,0,0,0,0,0,4.8,-0.033,-0.016666667,0.5,0,0
10/31/2016,36.6,24.5,13.5,3.8,6.7,4.5,4.3,2.6,1.8,1.5,34.51781102,24.81212922,14.29067993,4.241907326,6.201000075,5.173391818,4.337436747,2.828636853,1.690010339,1.699753919,0,0,0,0,0,0,0,0,0,0,0,0,0,0,0,0,0,0,0,0,0,0,0,0,0,0,0,0,0,0,0,1,1,0,0,0,0,0,0,0,0,0,3,6,3,6,0,0,0,0,0,0,0,0,0,0,0,0,0,0,4.7,-0.067,-0.033333333,0.5,0,0
11/30/2016,36.3,23.8,12.5,4.3,7,5.1,4.6,2.9,2,1.6,35.82060005,24.88338296,12.50089896,4.305792162,6.781164183,4.801081246,4.462388223,2.784769133,1.817027299,1.73266689,0,0,0,0,0,0,0,0,0,0,0,0,0,0,0,0,0,0,0,0,0,0,0,0,0,0,0,0,0,0,0,1,1,0,0,0,0,0,0,0,0,0,3,6,3,6,0,0,0,0,0,0,0,0,0,0,0,0,0,0,4.6,-0.067,-0.05,0.5,0,0
12/31/2016,36.1,23.1,14,4.3,7.1,4.8,4,2.8,1.9,1.7,35.83889464,24.49564337,12.40530609,4.168572542,6.822003735,5.003376953,4.482220207,3.012266899,2.078698745,1.616272522,0,0,0,0,0,0,0,0,0,0,0,0,0,0,0,0,0,0,0,0,0,0,0,0,0,0,0,0,0,0,0,1,1,0,0,0,0,0,0,0,0,0,3,6,3,6,0,0,0,0,0,0,0,0,0,0,0,0,0,0,4.5,-0.067,-0.066666667,0.5,0,0
1/31/2017,35.5,23.4,13.9,4.3,7.8,5.2,4,2.5,2.1,1.3,36.82291915,22.4829674,13.99350221,4.082234811,6.987723152,4.908051819,4.115632153,2.850136358,2.014256443,1.589682822,0,0,0,0,0,0,0,0,0,0,0,0,0,0,0,0,0,0,0,0,0,0,0,0,0,0,0,0,0,0,0,1,1,0,0,0,0,0,0,0,0,0,3,6,3,6,0,0,0,0,0,0,0,0,0,0,0,0,0,0,4.5,-0.033,-0.066666667,0.5,0,0
2/28/2017,33.1,23.4,14,4.1,9.8,4.9,4,2.8,2.1,1.7,35.53946743,23.75187238,13.80506456,3.979985332,8.122967882,4.708808516,4.141353329,2.644862734,1.810965236,1.30493568,0,0,0,0,0,0,0,0,0,0,0,0,0,0,0,0,0,0,0,0,0,0,0,0,0,0,0,0,0,0,0,1,1,0,0,0,0,0,0,0,0,0,3,6,3,6,0,0,0,0,0,0,0,0,0,0,0,0,0,0,4.5,0,-0.05,0.5,0,0
3/31/2017,32.5,23.3,12.6,4.4,11.6,5,3.9,2.7,2.4,1.7,33.52717361,22.46448185,14.57402166,4.005057841,10.04994713,4.800877284,3.816094553,2.724535949,2.128437997,1.80891428,0,0,0,0,0,0,0,0,0,0,0,0,0,0,0,0,0,0,0,0,0,0,0,0,0,0,0,0,0,0,0,1,1,0,0,0,0,0,0,0,0,0,3,6,3,6,0,0,0,0,0,0,0,0,0,0,0,0,0,0,4.6,0.033,-0.016666667,0.5,0,0
4/30/2017,31.7,23.3,12.8,4.6,12.3,4.8,3.7,2.7,2.3,1.7,33.2058808,23.91482693,11.97162839,4.297980774,11.08590984,4.932302092,3.818510552,2.827841571,1.912253564,2.005853732,0,0,0,0,0,0,0,0,0,0,0,0,0,0,0,0,0,0,0,0,0,0,0,0,0,0,0,0,0,0,0,1,1,0,0,0,0,0,0,0,0,0,3,6,3,6,0,0,0,0,0,0,0,0,0,0,0,0,0,0,4.6,0.033,0,0.5,0,0
5/31/2017,31.8,23.5,13,4.2,12.3,4.7,3.2,2.8,2.6,1.8,32.57942904,22.25797536,13.38295805,4.11815855,11.91445322,4.99082281,3.611553645,2.775815609,2.453549947,1.923028251,0,0,0,0,0,0,0,0,0,0,0,0,0,0,0,0,0,0,0,0,0,0,0,0,0,0,0,0,0,0,0,1,1,0,0,0,0,0,0,0,0,0,3,6,3,6,0,0,0,0,0,0,0,0,0,0,0,0,0,0,4.6,0,0.016666667,0.5,0,0
6/30/2017,31.7,23.1,13.4,4.3,12.1,4.5,3.3,3.2,2.4,2.1,31.99810467,22.94365209,12.70323806,4.373376327,12.33500518,4.650818378,3.467820634,3.139856309,2.352943507,2.039622603,0,0,0,0,0,0,0,0,0,0,0,0,0,0,0,0,0,0,0,0,0,0,0,0,0,0,0,0,0,0,0,1,1,0,0,0,0,0,0,0,0,0,3,6,3,6,0,0,0,0,0,0,0,0,0,0,0,0,0,0,4.5,-0.033,0,0.5,0,0
7/31/2017,32.1,22,13.3,4.6,11.4,4.9,3.4,4,2.3,2.2,31.29451362,22.23430923,13.5643121,4.339356868,12.49006287,4.780122107,3.436656189,3.267368071,2.606010565,2.08963297,0,0,0,0,0,0,0,0,0,0,0,0,0,0,0,0,0,0,0,0,0,0,0,0,0,0,0,0,0,0,0,1,1,0,0,0,0,0,0,0,0,0,3,6,3,6,0,0,0,0,0,0,0,0,0,0,0,0,0,0,4.3,-0.1,-0.033333333,0.5,0,0
8/31/2017,27.9,23.8,14.5,5.6,10.7,4.8,3.6,4,3,2,31.19011383,22.26398542,12.99248527,4.839637965,11.8563094,4.822510881,3.634436553,3.911666633,2.49949147,2.055032324,0,0,0,0,0,0,0,0,0,0,0,0,0,0,0,0,0,0,0,0,0,0,0,0,0,0,0,0,0,0,0,1,1,0,0,0,0,0,0,0,0,0,3,6,3,6,0,0,0,0,0,0,0,0,0,0,0,0,0,0,4.2,-0.1,-0.066666667,0.5,0,0
9/30/2017,26.9,24.4,14.6,6.1,10.2,4.4,4.2,3.9,3.3,1.8,28.26398698,23.70711936,14.56212633,5.369515205,10.8922005,4.683049836,3.561091227,4.085695691,2.811807842,1.975289954,0,0,0,0,0,0,0,0,0,0,0,0,0,0,0,0,0,0,0,0,0,0,0,0,0,0,0,0,0,0,0,1,1,0,0,0,0,0,0,0,0,0,3,6,3,6,0,0,0,0,0,0,0,0,0,0,0,0,0,0,4.2,-0.033,-0.066666667,0.5,0,0
10/31/2017,26.1,26.5,13.9,6.6,10.5,3.8,4.3,3.7,2.8,1.5,26.92141973,24.20794745,15.684449,5.96642733,10.49638633,4.276054025,3.99867956,3.665759326,3.144923191,1.565668169,0,0,0,0,0,0,0,0,0,0,0,0,0,0,0,0,0,0,0,0,0,0,0,0,0,0,0,0,0,0,0,1,1,0,0,0,0,0,0,0,0,0,3,6,3,6,0,0,0,0,0,0,0,0,0,0,0,0,0,0,4.1,-0.033,-0.083333333,0.5,0,0
11/30/2017,26.2,26.4,14.6,6.9,10.5,3.8,4.3,2.8,3,1.2,25.29824501,27.23429342,14.36661531,6.763111726,10.05650773,4.311301886,4.265150578,3.266116163,3.074935168,1.145548047,0,0,0,0,0,0,0,0,0,0,0,0,0,0,0,0,0,0,0,0,0,0,0,0,0,0,0,0,0,0,0,1,1,0,0,0,0,0,0,0,0,0,3,6,3,6,0,0,0,0,0,0,0,0,0,0,0,0,0,0,4.1,-0.033,-0.066666667,0.5,0,0
12/31/2017,26.2,26.6,14.4,7.1,10.6,4.1,4,3.4,2.4,1.2,25.34210893,27.05964653,15.02911831,7.126396337,9.751333247,4.150606005,4.303617904,2.711612516,3.180705988,1.172772594,1,0,0,0,0,0,0,0,0,0,1,1,0,0,0,0,0,0,0,0,0,0,0,0,0,0,0,0,0,0,0,1,1,0,0,0,0,0,0,0,0,0,3,6,3,6,0,0,0,0,0,0,0,0,0,0,0,0,0,0,4.1,0,-0.033333333,0.5,0,0
1/31/2018,22.4,29,14.2,7.5,11.1,4.2,4.1,3,3,1.4,24.27519138,27.54848609,13.54034009,7.460611591,11.01797201,4.285070452,4.294415925,3.177186198,2.965593017,1.126607991,0,0,1,0,0,0,0,0,0,0,1,1,0,0,1,1,0,0,0,0,0,0,0,0,0,0,0,0,0,0,0,1,1,0,0,0,1,0,0,0,0,0,3,6,3,6,0,0,0,0,0,0,1,1,0,0,0,0,0,0,4.1,0,-0.016666667,0.5,0,0
2/28/2018,23.3,28.6,13.7,7.3,10.7,4,4.3,3.4,3.2,1.2,22.56962027,29.38419684,13.93290848,7.384471797,10.69061062,4.036546429,3.857998184,3.10895392,3.31006856,1.493288131,0,1,0,0,0,0,0,0,0,0,1,1,1,1,1,1,0,0,0,0,0,0,0,0,0,0,0,0,0,0,0,1,1,0,0,0,1,0,0,0,0,0,3,6,3,6,0,0,0,0,0,0,2,2,0,0,0,0,0,0,4.1,0,-0.016666667,0.5,0,0
3/31/2018,23.7,27.1,15.2,6.6,11.3,4,4.2,2.9,3.3,1.5,23.5632592,27.93222169,14.1715749,7.089482842,10.99313528,3.986932969,4.192519537,3.231312409,3.341939984,1.271706584,0,1,0,0,0,0,0,0,0,0,0,1,2,2,1,1,0,0,0,0,0,0,0,0,0,0,0,0,0,0,0,1,1,0,0,0,1,0,0,0,0,0,3,6,3,6,0,0,0,0,0,0,3,3,0,0,0,0,0,0,4.1,0,0,0.5,0,0
4/30/2018,23.8,25.8,15.8,7.3,10.9,4.2,3.7,2.8,4.3,1.4,23.82037934,26.82403659,16.0563327,6.483443942,10.83536479,4.01989797,4.133488231,2.931059882,3.448868306,1.48974504,0,0,1,0,0,0,0,0,0,0,0,1,2,2,1,2,0,0,0,0,0,0,0,0,0,0,0,0,0,0,0,1,1,0,0,0,1,0,0,0,0,0,3,6,3,6,0,0,0,0,0,0,3,4,0,0,0,0,0,0,4.1,0,0,0.5,0,0
5/31/2018,24.1,26.8,14.9,7.2,10.7,4,4,2.9,3.7,1.7,23.82514057,26.15252624,15.87104186,7.138685325,10.65384238,4.151900836,3.895867928,3.044475365,3.385198731,1.674249057,0,0,0,0,0,0,0,0,0,0,0,1,1,2,1,2,0,0,0,0,0,0,0,0,0,0,0,0,0,0,0,1,1,0,0,0,1,0,0,0,0,0,3,6,3,6,0,0,0,0,0,0,3,5,0,0,0,0,0,0,4.1,0,0,0.5,0,0
6/30/2018,23.2,27.2,13.4,7.3,11,4.1,4.1,3,4.8,1.9,24.52616257,27.17161177,14.12718454,7.176598652,10.62782143,4.081669592,4.106904726,2.805566817,3.52297272,1.77639443,0,0,0,0,0,0,0,0,0,0,0,0,0,2,1,2,0,0,0,0,0,0,0,0,0,0,0,0,0,0,0,1,1,0,0,0,1,0,0,0,0,0,3,6,3,6,0,0,0,0,0,0,3,6,0,0,0,0,0,0,4.1,0,0,0.5,0,0
7/31/2018,23.7,26.3,14.8,7.5,9.7,5,3.4,3.7,3.9,2,23.16344654,27.60929399,13.7695942,7.437387431,10.38842799,4.074806327,3.994017022,3.176998151,4.462351647,1.822098096,0,0,1,0,0,0,0,0,0,0,0,0,0,2,1,2,0,0,0,0,0,0,0,0,0,0,0,0,0,0,0,1,1,0,0,0,1,0,0,0,0,0,3,6,3,6,0,0,0,0,0,0,3,6,0,0,0,0,0,0,4,-0.033,-0.016666667,0.5,0,0
8/31/2018,26.1,25.8,12.8,6.7,11.7,4.2,3.8,3.1,4.6,1.3,23.67224878,26.14645376,14.33226126,7.022222472,10.90639741,4.616410751,3.965185827,3.499265781,4.125653681,1.641332876,0,0,0,0,0,0,0,0,0,0,0,0,0,1,1,2,0,0,0,0,0,0,0,0,0,0,0,0,0,0,0,1,1,0,0,0,1,0,0,0,0,0,3,6,3,6,0,0,0,0,0,0,3,6,0,0,0,0,0,0,4,-0.033,-0.016666667,0.5,0,0
9/30/2018,26.5,26.2,13.9,6.4,10.8,3.5,3.4,2.8,4.6,1.9,27.13213772,25.2973382,13.22518768,6.567990614,11.22292535,4.059200592,3.669099391,3.239723926,4.221346367,1.595381146,0,0,0,0,0,0,0,0,0,0,0,0,0,0,1,2,0,0,0,0,0,0,0,0,0,0,0,0,0,0,0,1,1,0,0,0,1,0,0,0,0,0,3,6,3,6,0,0,0,0,0,0,3,6,0,0,0,0,0,0,4,0,-0.016666667,0.58,0.026666667,0.013333333
10/31/2018,27.2,25.7,13.3,6.8,11,4.1,3.4,2.8,3.9,1.8,25.90106395,26.08070005,13.76846634,6.518832799,10.73582069,4.093024475,3.482193226,3.239770993,4.282558409,2.002606768,0,0,1,0,0,0,0,0,0,0,0,0,0,0,1,2,0,0,0,0,0,0,0,0,0,0,0,0,0,0,0,1,1,0,0,0,1,0,0,0,0,0,3,6,3,6,0,0,0,0,0,0,3,6,0,0,0,0,0,0,3.9,-0.033,-0.033333333,0.75,0.083333333,0.041666667
11/30/2018,28.7,25.4,12.8,6.3,11.3,3.9,3.7,2.7,3.9,1.4,27.40274102,25.55391778,13.22955465,6.763285297,10.97424062,4.050959478,3.636757526,2.628680755,3.877553797,2.006275793,0,0,0,0,0,0,0,0,0,0,0,0,0,0,1,2,0,0,0,0,0,0,0,0,0,0,0,0,0,0,0,1,1,0,0,0,1,0,0,0,0,0,3,6,3,6,0,0,0,0,0,0,3,6,0,0,0,0,0,0,3.9,-0.033,-0.033333333,0.75,0.056666667,0.041666667
12/31/2018,27.7,25,13,7,11.4,3.6,3.6,3,4.1,1.3,28.2227927,25.73678031,12.51420259,6.646610461,10.98182446,4.073464282,3.454940784,2.900583123,4.211092419,1.335011155,0,0,0,0,0,0,1,0,0,0,0,0,0,0,1,2,0,0,0,0,0,0,1,1,0,0,0,0,0,0,0,1,1,0,0,0,1,0,0,0,0,0,3,6,3,6,0,0,0,0,0,0,3,6,0,0,0,0,0,0,3.8,-0.033,-0.033333333,0.75,0,0.041666667
1/31/2019,28.3,24.2,12.3,7.4,11.9,3.5,3.3,3.1,4,1.4,28.15498644,24.8088877,11.91935334,7.221715935,11.00695907,4.118014161,3.733320259,3.100709145,3.857646959,1.662698504,0,0,0,0,0,0,0,0,0,0,0,0,0,0,0,1,0,0,0,0,0,0,1,1,0,0,0,0,0,0,0,1,1,0,0,1,1,0,0,0,0,0,3,6,3,6,0,0,0,0,1,1,3,6,0,0,0,0,0,0,3.8,-0.033,-0.033333333,0.75,0,0.041666667
2/28/2019,28,22.9,11.3,7.7,13.2,3.5,2.6,3.4,5.5,2,28.65800325,24.2015755,12.08368261,7.288856569,11.82843882,3.634251268,3.420274535,2.954602785,4.232475684,1.328613864,0,0,0,0,0,0,0,0,0,0,0,0,0,0,0,1,0,0,0,0,0,0,1,1,0,0,0,0,0,0,0,1,1,0,0,1,1,0,0,0,0,0,3,6,3,6,0,0,0,0,2,2,3,6,0,0,0,0,0,0,3.8,0,-0.033333333,0.75,0,0.028333333
3/31/2019,26.7,24.3,11.3,7.5,13.7,3.4,2.2,4,5,1.9,26.22960314,23.49739839,11.73714311,7.68055704,13.08168709,3.676342893,2.973042424,3.594836199,5.535251925,1.994858351,0,0,1,0,0,0,0,0,0,0,0,0,0,0,1,2,0,0,0,0,0,0,0,1,0,0,0,0,0,0,0,1,1,0,0,1,1,0,0,0,0,0,3,6,3,6,0,0,0,0,3,3,3,6,0,0,0,0,0,0,3.7,-0.033,-0.033333333,0.82,0.023333333,0.011666667
4/30/2019,26.2,22.5,10.6,7.5,15.9,3.5,2.9,3.9,4.5,2.6,26.74053647,23.80473947,9.927906326,7.422776091,14.39467376,3.586202083,2.800042003,4.161714362,4.901072283,2.128922492,0,0,0,0,0,0,0,0,0,0,0,0,0,0,1,1,0,0,0,0,0,0,0,1,0,0,0,0,0,0,0,1,1,0,0,1,1,0,0,0,0,0,3,6,3,6,0,0,0,0,3,4,3,6,0,0,0,0,0,0,3.7,-0.033,-0.033333333,1,0.083333333,0.041666667
5/31/2019,26,21.7,12.2,7.1,14.5,3.4,2.8,4.2,5.1,3.1,26.19919443,21.21554571,11.68555594,7.295420279,16.09351487,3.28777936,2.979124314,4.045020295,4.729179317,2.487596881,0,0,0,0,0,0,0,0,0,0,0,0,0,0,1,1,0,0,0,0,0,0,0,1,0,0,0,0,0,0,0,1,1,0,0,1,1,0,0,0,0,0,3,6,3,6,0,0,0,0,3,5,3,6,0,0,0,0,0,0,3.8,0.033,0,1,0.06,0.041666667
6/30/2019,25.3,22,10.4,6.8,14.7,3.2,2.7,5.4,5.6,3.9,25.2173686,21.19627087,12.22194986,7.2540471,15.12789051,3.414676002,2.813765586,4.78860104,4.85385326,3.265473866,0,0,0,0,0,0,0,0,0,0,0,0,0,0,0,1,0,0,0,0,0,0,0,0,0,0,0,0,0,0,0,1,1,0,0,1,1,0,0,0,0,0,3,6,3,6,0,0,0,0,3,6,3,6,0,0,0,0,0,0,3.9,0.067,0.016666667,1.08,0.026666667,0.055
7/31/2019,25,21.6,8.2,7.7,14.2,3.9,4,5.2,5,5.5,24.99422161,21.20369,9.420686195,7.626440817,14.64973556,3.677149147,3.265125185,5.428610615,5.473549279,4.476463353,0,0,0,0,0,0,0,0,0,0,0,0,0,0,0,1,0,0,0,0,0,0,0,0,0,0,0,0,0,0,0,1,1,0,0,1,1,0,0,0,0,0,3,6,3,6,0,0,0,0,3,6,3,6,0,0,0,0,0,0,4,0.067,0.033333333,1.25,0.083333333,0.083333333
8/31/2019,24,22.3,10.2,7.2,15.2,3.7,2.9,5.9,5.1,3.7,24.88295009,22.03094856,8.783456095,7.632585487,14.53379977,3.886937419,3.55185148,5.480788102,4.692503216,4.7320383,0,0,0,0,0,0,0,0,0,0,0,0,0,0,0,1,0,0,0,0,0,0,0,0,0,0,0,0,0,0,0,1,1,0,0,1,1,0,0,0,0,0,3,6,3,6,0,0,0,0,3,6,3,6,0,0,0,0,0,0,4,0.033,0.05,1.25,0.056666667,0.071666667
9/30/2019,23,21.3,11.5,7.6,16.3,3.6,3,6.7,4.1,3.1,23.42589042,22.48453682,10.36745449,7.300587774,15.67451016,3.304388188,3.242378134,5.865839387,4.652040925,3.913298183,0,0,0,0,0,0,0,0,0,0,0,0,0,0,0,0,0,0,0,0,0,0,0,0,0,0,0,0,0,0,0,1,1,0,0,1,1,0,0,0,0,0,3,6,3,6,0,0,0,0,3,6,3,6,0,0,0,0,0,0,4.1,0.033,0.066666667,1.33,0.026666667,0.055
10/31/2019,23.6,21,9.8,7.3,17.3,3.6,3.4,6.7,4.6,2.7,23.52698242,20.28467219,10.20843334,7.916014224,17.04722734,3.546726306,3.54802645,6.538002838,4.541776144,2.95583838,0,0,0,0,0,0,0,0,0,0,0,0,0,0,0,0,0,0,0,0,0,0,0,0,0,0,0,0,0,0,0,1,1,0,0,1,1,0,0,0,0,0,3,6,3,6,0,0,0,0,3,6,3,6,0,0,0,0,0,0,4.1,0.033,0.05,1.5,0.083333333,0.083333333
11/30/2019,22.5,21,9.8,7.3,19.2,3.3,3.2,6.3,4.9,2.6,24.01991179,20.5485893,10.52367393,7.306277509,17.58110218,3.240489437,2.919661215,6.70370939,4.630883253,2.656119781,0,0,0,0,0,0,0,0,0,0,0,0,0,0,0,0,0,0,0,0,0,0,0,0,0,0,0,0,0,0,0,1,1,0,0,1,1,0,0,0,0,0,3,6,3,6,0,0,0,0,3,6,3,6,0,0,0,0,0,0,4.1,0,0.033333333,1.5,0.056666667,0.07
12/31/2019,23.2,21.2,10.7,7.6,17.8,3.4,3.1,5.6,5.1,2.4,23.1278041,20.53851314,10.3732864,7.251557107,18.58351904,3.312236396,3.00884831,6.157457325,4.905228741,2.980998015,0,0,0,0,0,0,0,0,0,0,0,0,0,0,0,0,0,0,0,0,0,0,0,0,0,0,0,0,0,0,0,1,1,0,0,1,1,0,0,0,0,0,3,6,3,6,0,0,0,0,3,6,3,6,0,0,0,0,0,0,4.1,0,0.016666667,1.5,0,0.041666667
1/31/2020,25.5,20.5,12.8,7.2,15.9,3.5,2.7,5.1,4.6,2.2,24.02468839,21.06442195,11.43782647,7.065292108,17.24727044,3.196759296,2.837386139,5.814590174,4.95822061,2.501740646,0,0,0,0,0,0,0,0,0,0,0,0,0,0,0,0,0,0,0,0,0,0,0,0,0,0,0,0,0,0,0,1,1,0,0,1,1,0,0,0,0,0,3,6,3,6,0,0,0,0,3,6,3,6,0,0,0,0,0,0,4,-0.033,0,1.5,0,0.041666667
2/29/2020,24.1,19,15,6.9,15.2,4,3.8,5.5,4.4,1.9,25.80834467,19.56978697,13.44391728,7.013539224,15.89895334,3.42417728,2.986291827,4.965475918,4.759343668,2.149315841,0,1,0,0,0,0,0,0,0,0,0,0,1,1,0,0,0,0,0,0,0,0,0,0,0,0,0,0,0,0,0,1,0,0,0,1,1,0,0,0,0,0,3,6,2,5,0,0,0,0,3,6,3,6,0,0,0,0,0,0,4,-0.033,-0.016666667,1.5,0,0.028333333
3/31/2020,24.6,20.5,12.9,7.7,16.6,3.3,3.1,5.4,4.3,1.7,24.26259379,19.23181574,14.52515927,7.421094378,15.38632729,3.64588991,3.397386602,5.389199784,4.451921486,1.736763692,0,0,0,0,0,0,0,0,0,0,0,0,1,1,0,0,0,0,0,0,0,0,0,0,0,0,0,0,0,0,0,1,0,0,0,1,1,0,0,0,0,0,3,6,1,4,0,0,0,0,3,6,3,6,0,0,0,0,0,0,3.9,-0.033,-0.033333333,0.99,-0.17,-0.085
4/30/2020,24.9,26,11.5,7.3,14.4,3.6,3,4.5,3.6,1.3,24.37891388,22.32029369,12.14373826,7.517724192,16.3904069,3.563554176,3.048665175,4.918551791,4.199682087,1.550470158,0,0,0,0,0,0,0,0,0,0,0,0,1,1,0,0,0,0,0,0,0,0,0,0,0,0,0,0,0,0,0,1,0,0,0,1,1,0,0,0,0,0,3,6,0,3,0,0,0,0,3,6,3,6,0,0,0,0,0,0,4.2,0.067,0.016666667,0.25,-0.416666667,-0.208333333
5/31/2020,25.9,26.7,9.9,6.7,14,3.4,3.1,5,4,1.5,25.57295396,27.00996178,11.33830642,6.723755243,14.16719771,3.42821971,2.679775588,4.398937449,4.10720249,0.798244282,0,0,0,0,0,0,0,0,0,0,0,0,0,1,0,0,0,0,0,0,0,0,0,0,0,0,0,0,0,0,0,1,0,0,0,1,1,0,0,0,0,0,3,6,0,2,0,0,0,0,3,6,3,6,0,0,0,0,0,0,4.7,0.267,0.1,0.05,-0.313333333,-0.241666667
6/30/2020,24.2,25,11.6,7.2,14.1,3.6,3,5.2,4.6,1.7,24.62417206,25.56065664,11.12715538,7.119818461,14.32233956,3.453133604,3.192345066,4.791818031,4.55531381,1.654521245,0,0,0,0,0,0,0,0,0,0,0,0,0,1,0,0,0,0,0,0,0,0,0,0,0,0,0,0,0,0,0,1,0,0,0,1,1,0,0,0,0,0,3,6,0,1,0,0,0,0,3,6,3,6,0,0,0,0,0,0,5.3,0.367,0.216666667,0,-0.083333333,-0.25
7/31/2020,24.1,25.8,10.6,7.5,13.2,3.9,3.2,5.1,5,1.8,23.58304785,25.85961368,10.88319468,7.370788651,13.82995613,3.733353654,2.950936966,5.410014983,4.70839507,1.835992896,0,0,0,0,0,0,0,0,0,0,0,0,0,1,0,0,0,0,0,0,0,0,0,0,0,0,0,0,0,0,0,1,0,0,0,1,1,0,0,0,0,0,3,6,0,0,0,0,0,0,3,6,3,6,0,0,0,0,0,0,5.4,0.233,0.233333333,0,-0.016666667,-0.25
8/31/2020,24.4,25.4,11,7.3,14,3.8,2.9,5.1,4.3,1.8,23.97651129,26.24582115,11.23849042,7.04078451,13.11320138,3.751527534,3.092121907,5.045151694,4.971801,1.748687229,0,0,0,0,0,0,0,0,0,0,0,0,0,0,0,0,0,0,0,0,0,0,0,0,0,0,0,0,0,0,0,1,0,0,0,1,1,0,0,0,0,0,3,6,0,0,0,0,0,0,3,6,3,6,0,0,0,0,0,0,5.5,0.067,0.266666667,0,0,-0.165
9/30/2020,22.9,24.7,12.6,7.8,14.1,3.7,3.2,4.7,4.1,2.2,25.05024429,24.51256431,11.44162271,7.293102412,14.06714823,3.650952141,3.249952374,4.85495768,4.185797867,1.640958571,0,0,0,0,0,0,0,0,0,0,0,0,0,0,0,0,0,0,0,0,0,0,0,0,0,0,0,0,0,0,0,1,0,0,0,1,1,0,0,0,0,0,3,6,0,0,0,0,0,0,3,6,3,6,0,0,0,0,0,0,5.3,-0.033,0.183333333,0,0,-0.041666667
10/31/2020,21.4,24.5,12.7,7,16.3,3.6,3.5,4.4,4.4,2.1,22.8867661,24.93248028,12.56088623,7.501869796,14.37920467,3.610723241,3.10691923,4.92448008,3.96617575,1.991370622,0,0,0,0,0,0,0,0,0,0,0,0,0,0,0,0,0,0,0,0,0,0,0,0,0,0,0,0,0,0,0,1,0,0,0,1,1,0,0,0,0,0,3,6,0,0,0,0,0,0,3,6,3,6,0,0,0,0,0,0,5.3,-0.067,0.1,0,0,-0.008333333
11/30/2020,21.5,23.2,12.1,7.2,18.6,3.3,3.4,4.3,4.1,2.3,21.20567379,24.23683295,12.8261198,7.342631903,16.40665124,3.582254486,3.249622499,4.43566251,4.187293253,2.56872787,0,0,0,0,0,0,0,0,0,0,0,0,0,0,0,0,0,0,0,0,0,0,0,0,0,0,0,0,0,0,0,1,0,0,0,1,1,0,0,0,0,0,3,6,0,0,0,0,0,0,3,6,3,6,0,0,0,0,0,0,5.2,-0.033,-0.016666667,0,0,0
12/31/2020,21.2,22.3,11,7.5,21,3.4,3.3,4.1,4.1,2,22.11564596,23.16119044,11.49902352,7.432967682,17.79025212,3.816321785,3.218114016,4.29799406,3.99111977,2.589896169,0,0,0,0,0,0,0,0,0,0,0,0,0,0,0,0,0,0,0,0,0,0,0,0,0,0,0,0,0,0,0,1,0,0,0,1,1,0,0,0,0,0,3,6,0,0,0,0,0,0,3,6,3,6,0,0,0,0,0,0,5,-0.1,-0.066666667,0,0,0
1/31/2021,26.4,24.7,9,7.1,14.7,3.7,3.4,4.1,3.3,3.5,22.36391664,22.77349925,10.28798252,7.335707128,19.87580229,3.596919762,3.051240919,4.346982438,3.682770174,2.531316971,0,0,0,0,0,0,0,0,0,0,0,0,0,0,0,0,0,0,0,0,0,0,0,0,0,0,0,0,0,0,0,1,0,0,0,1,1,0,0,0,0,0,3,6,0,0,0,0,0,0,3,6,3,6,0,0,0,0,0,0,5,-0.067,-0.083333333,0,0,0
2/28/2021,25.4,24.6,9.3,7.4,15.2,3.9,3.3,4.3,3.5,3.1,26.02464524,24.01687601,8.51419171,7.047392087,15.43818787,4.038374843,3.490699236,4.535837536,3.832525799,3.058969134,0,0,0,0,0,0,0,0,0,0,0,0,0,0,0,0,0,0,0,0,0,0,0,0,0,0,0,0,0,0,0,1,0,0,0,1,1,0,0,0,0,0,3,6,0,0,0,0,0,0,3,6,3,6,0,0,0,0,0,0,4.9,-0.033,-0.066666667,0,0,0
3/31/2021,24.4,24.3,9.3,7.8,16.2,3.7,3.5,4,3.6,3.2,25.01139798,23.64110685,10.12769999,7.610013368,15.55301024,3.756472043,3.51856687,4.062470067,3.40850258,3.276038409,0,1,0,0,0,0,0,0,0,0,0,0,1,1,0,0,0,0,0,0,0,0,0,0,0,0,0,0,0,0,0,1,0,0,0,1,1,0,0,0,0,0,3,6,0,0,0,0,0,0,3,6,3,6,0,0,0,0,0,0,4.9,-0.033,-0.066666667,0,0,0
4/30/2021,23.6,23.5,9.9,8,17.5,3.4,2.9,4.3,3.8,3,23.99241809,25.86364998,8.390903643,7.761185817,16.95182352,3.481585174,3.20209563,4.220893361,3.47183957,2.618206134,0,0,0,0,0,0,0,0,0,0,0,0,1,1,0,0,0,0,0,0,0,0,0,0,0,0,0,0,0,0,0,1,0,0,0,1,1,0,0,0,0,0,3,6,0,0,0,0,0,0,3,6,3,6,0,0,0,0,0,0,5,0.033,-0.033333333,0,0,0
5/31/2021,24,22.6,10.3,8,16.5,3.8,3.3,4.1,4.3,3,22.84764594,23.35257028,9.846451383,7.909100115,17.43148472,3.747456499,3.316874201,4.139014203,3.922052099,3.336388712,0,0,0,0,0,0,0,0,0,0,0,0,1,1,0,0,0,0,0,0,0,0,0,0,0,0,0,0,0,0,0,1,0,0,0,1,1,0,0,0,0,0,3,6,0,0,0,0,0,0,3,6,3,6,0,0,0,0,0,0,5,0.033,0,0,0,0
6/30/2021,24.5,21.6,10.2,7.8,17.5,3.3,2.9,4.1,5.2,3,24.24295917,22.39404543,10.40442075,7.72867883,16.47479481,3.694234824,3.273111466,4.249646305,4.417212285,3.09127079,0,0,0,0,0,0,0,0,0,0,0,0,0,1,0,0,0,0,0,0,0,0,0,0,0,0,0,0,0,0,0,1,0,0,0,1,1,0,0,0,0,0,3,6,0,0,0,0,0,0,3,6,3,6,0,0,0,0,0,0,5,0,0,0,0,0
7/31/2021,24.3,20,9.9,7.7,17.6,3.2,3.5,4.5,5.6,3.9,24.45663557,21.22217182,10.85593643,7.799394321,17.07257185,3.534875329,2.980589216,4.133887522,4.720685559,3.333764419,0,0,0,0,0,0,0,0,0,0,0,0,0,1,0,0,0,0,0,0,0,0,0,0,0,0,0,0,0,0,0,1,0,0,0,1,1,0,0,0,0,0,3,6,0,0,0,0,0,0,3,6,3,6,0,0,0,0,0,0,4.5,-0.167,-0.066666667,0,0,0
8/31/2021,24,20.1,10.3,8.8,14.1,3.6,4.1,5.5,5.2,4.4,24.23969559,20.4497095,9.21191705,8.256205436,16.79069491,3.622175799,3.505987333,4.738060033,5.23591541,3.965043534,0,0,0,0,0,0,0,0,0,0,0,0,0,1,0,0,0,0,0,0,0,0,0,0,0,0,0,0,0,0,0,1,0,0,0,1,1,0,0,0,0,0,3,6,0,0,0,0,0,0,3,6,3,6,0,0,0,0,0,0,4.2,-0.267,-0.116666667,0,0,0
9/30/2021,24.4,19.4,11.3,9.2,12.9,4,4.7,4.9,5.4,3.8,22.70203023,20.44436674,10.38807346,8.868701129,14.29804498,3.999217196,4.255403689,5.458446244,5.419484986,4.067640091,0,0,0,0,0,1,0,0,0,0,0,0,0,0,0,0,0,0,0,0,1,1,0,0,0,0,0,0,0,0,0,1,0,0,0,1,1,0,0,0,0,0,3,6,0,0,0,0,0,0,3,6,3,6,0,0,0,0,0,0,3.8,-0.233,-0.2,0.06,0.02,0.01
10/31/2021,26.6,20.7,11.1,8.7,13.3,3.5,4.6,3.7,4.9,3,24.7256019,19.28311419,12.36795876,9.1241783,13.00380388,3.62864915,4.706123372,4.670963817,5.243362766,3.358798267,0,0,0,0,0,0,0,0,0,0,0,0,0,0,0,0,0,0,0,0,1,1,0,0,0,0,0,0,0,0,1,0,0,0,1,0,0,0,0,0,1,1,2,5,0,0,0,0,1,1,2,5,2,5,0,0,0,0,0,0,3.8,-0.133,-0.2,0.25,0.083333333,0.041666667
11/30/2021,26.1,21.3,11.2,8.8,12.7,3.2,4.7,3.9,5.4,2.9,26.64436941,21.71562956,11.1145475,8.727746624,13.73917555,3.288581879,4.450740016,3.577768593,4.37301667,2.403642031,1,0,0,0,0,0,0,0,0,0,1,1,0,0,0,0,0,0,0,0,1,1,0,0,0,0,0,0,0,0,1,0,0,0,1,0,0,0,0,0,2,2,1,4,0,0,0,0,2,2,1,4,1,4,0,0,0,0,0,0,3.6,-0.067,-0.233333333,0.25,0.063333333,0.041666667
12/31/2021,23,24.2,11.7,9.5,10.9,3.2,5,3.4,5.9,3.4,24.74033406,22.53010074,11.00888615,9.256588009,12.01790915,3.503928707,4.577918956,3.703876143,5.581774416,3.109319416,0,0,0,0,0,0,0,0,0,0,1,1,0,0,0,0,0,0,0,0,0,1,0,0,0,0,0,0,0,0,1,0,0,0,1,0,0,0,0,0,3,3,0,3,0,0,0,0,3,3,0,3,0,3,0,0,0,0,0,0,3.5,-0.1,-0.166666667,0.36,0.036666667,0.06
1/31/2022,21.9,25.3,11.9,9.2,9.7,3.3,4.3,4,6.9,3.5,22.41164243,25.26634233,11.78058401,9.388224155,10.19458314,3.656802343,4.615273865,3.398684966,6.199752346,3.4046142,0,0,0,0,0,0,0,0,0,0,1,1,0,0,0,0,0,0,0,0,0,1,0,0,0,0,0,0,0,0,1,0,0,0,1,0,0,0,0,0,3,4,0,2,0,0,0,0,3,4,0,2,0,2,0,0,0,0,0,0,3.3,-0.1,-0.15,0.5,0.083333333,0.083333333
2/28/2022,21.9,25.5,11.5,9.2,8.3,3.2,4.4,3.1,9.1,3.7,21.22857811,25.18117804,12.76084839,9.369799436,9.21882933,3.342313086,4.583459277,3.798958803,7.298097254,3.332769796,1,0,0,0,0,0,0,0,0,0,1,2,0,0,0,0,0,0,0,0,0,1,0,0,0,0,0,0,0,0,1,0,0,0,1,0,0,0,0,0,3,5,0,1,0,0,0,0,3,5,0,1,0,1,0,0,0,0,0,0,3.2,-0.1,-0.1,0.5,0.046666667,0.073333333
3/31/2022,22.8,26.6,11.5,7.8,8.3,3.5,4.6,3.7,7.6,3.8,22.62296047,25.98006844,11.96280235,8.718611197,7.555623602,3.240436267,4.600177418,3.5188287,8.080255184,3.977627035,0,0,0,0,0,0,0,0,0,0,1,2,0,0,0,0,0,0,0,0,0,0,0,0,0,0,0,0,0,0,1,0,0,0,1,0,0,0,0,0,3,6,0,0,0,0,0,0,3,6,0,0,0,0,0,0,0,0,0,0,3.1,-0.067,-0.116666667,0.55,0.016666667,0.05
4/30/2022,23.6,27.5,12.5,8,7.3,3.3,4.8,3.4,6.1,3.5,22.11141268,27.31462241,11.91416538,7.915396024,8.832721856,3.342914749,4.646536092,3.461145816,7.028950781,3.535130659,0,0,0,0,1,0,0,0,0,0,1,2,0,0,0,0,0,0,1,1,0,0,0,0,0,0,0,0,0,0,1,0,0,0,1,0,0,0,0,0,3,6,0,0,0,0,0,0,3,6,0,0,0,0,0,0,0,0,0,0,3.1,-0.033,-0.083333333,0.75,0.083333333,0.083333333
5/31/2022,22.7,27.3,12.9,8.1,7.1,3.7,4.8,3.4,6.3,3.7,24.38552597,27.03617957,12.59870671,8.159663834,6.827813818,3.390872736,4.943271872,3.278023486,6.135929566,3.138580695,0,0,0,0,0,0,0,0,0,0,0,1,0,0,0,0,0,0,1,1,0,0,0,0,0,0,0,0,0,0,1,0,0,0,1,0,0,0,0,0,3,6,0,0,0,0,0,0,3,6,0,0,0,0,0,0,0,0,0,0,3.1,0,-0.066666667,0.75,0.066666667,0.065
6/30/2022,21.5,27.1,14.3,9.1,7.2,3.2,4.5,3.5,6,3.7,21.83818195,27.77564257,12.73839216,8.318882451,7.653150159,3.424861336,4.861855513,3.450249476,6.240683904,3.731807224,0,0,0,0,0,0,0,0,0,0,0,1,0,0,0,0,0,0,1,1,0,0,0,0,0,0,0,0,0,0,1,0,0,0,1,0,0,0,0,0,3,6,0,0,0,0,0,0,3,6,0,0,0,0,0,0,0,0,0,0,3.1,0,-0.033333333,0.87,0.04,0.061666667
7/31/2022,21.3,29.2,13.6,9.2,6.2,3.2,4.2,3.3,6.2,4,21.42756912,27.0530536,13.71377479,9.092597993,7.712417329,3.386706963,4.417817871,3.207681998,6.439338753,3.62023474,0,0,0,0,0,0,0,0,0,0,0,1,0,0,0,0,0,0,0,1,0,0,0,0,0,0,0,0,0,0,1,0,0,0,1,0,0,0,0,0,3,6,0,0,0,0,0,0,3,6,0,0,0,0,0,0,0,0,0,0,3.2,0.033,0,1.25,0.166666667,0.125
8/31/2022,20.6,28.7,13.8,8.6,6.4,3.7,4.3,3.6,6.7,3.9,19.81613257,30.40551372,13.56976121,8.848671646,6.449207794,3.158502259,4.285669986,3.198488808,6.976453495,3.678009011,0,0,0,0,0,0,0,0,0,0,0,0,0,0,0,0,0,0,0,1,0,0,0,0,0,0,0,0,0,0,1,0,0,0,1,0,0,0,0,0,3,6,0,0,0,0,0,0,3,6,0,0,0,0,0,0,0,0,0,0,3.3,0.067,0.033333333,1.45,0.193333333,0.15
9/30/2022,20,28.8,14,8.1,5.9,3.5,4.7,3.5,7.5,4.2,20.31329075,27.8515122,14.06869802,8.8035676,7.012984316,3.442939908,4.526998304,3.462694054,6.86847058,3.973866837,0,0,0,0,0,0,0,0,0,0,0,0,0,0,0,0,0,0,0,1,0,0,0,0,0,0,0,0,0,0,1,0,0,0,1,0,0,0,0,0,3,6,0,0,0,0,0,0,3,6,0,0,0,0,0,0,0,0,0,0,3.3,0.033,0.033333333,1.89,0.213333333,0.19
10/31/2022,19.6,29.2,13.5,9.1,6,3.5,4.2,3.8,6.6,4.6,20.30196982,29.09645278,13.89659331,7.934263359,5.789521193,3.406383948,4.446610934,3.882521686,7.101144693,4.466593381,0,0,0,0,0,0,0,0,0,0,0,0,0,0,0,0,0,0,0,0,0,0,0,0,0,0,0,0,0,0,1,0,0,0,1,0,0,0,0,0,3,6,0,0,0,0,0,0,3,6,0,0,0,0,0,0,0,0,0,0,3.4,0.033,0.05,2.25,0.266666667,0.25
11/30/2022,18.1,30.9,13.4,8.5,5.2,3.6,4.5,3.8,6.7,5.1,20.17528959,29.15000066,13.74582284,8.693856622,5.875059349,3.607973727,4.518403433,3.572285522,6.203435679,4.471570547,0,0,0,0,0,0,0,0,0,0,0,0,0,0,0,0,0,0,0,0,0,0,0,0,0,0,0,0,0,0,1,0,0,0,1,0,0,0,0,0,3,6,0,0,0,0,0,0,3,6,0,0,0,0,0,0,0,0,0,0,3.4,0.033,0.05,2.47,0.193333333,0.266666667
12/31/2022,17.8,32.4,12,9.3,5.4,3.2,4.7,3.7,7.1,4.4,18.23609538,30.83781775,13.51567655,8.740987024,5.333480789,3.35162674,4.443879819,3.996948596,6.734709985,4.83442812,0,0,0,0,0,0,0,0,0,0,0,0,0,0,0,0,0,0,0,0,0,0,0,0,0,0,0,0,0,0,1,0,0,0,1,0,0,0,0,0,3,6,0,0,0,0,0,0,3,6,0,0,0,0,0,0,0,0,0,0,3.4,0,0.033333333,2.62,0.123333333,0.228333333
1/31/2023,19.1,30.9,12.9,8.6,6.1,3.2,4.3,3.6,6.3,5,17.16597651,32.41227098,12.14298935,9.260444956,5.903734975,3.518066875,4.732973776,3.697430032,6.562507694,4.687408282,0,0,0,0,0,0,0,0,0,0,0,0,0,0,0,0,0,0,0,0,0,0,0,0,0,0,0,0,0,0,1,0,0,0,1,0,0,0,0,0,3,6,0,0,0,0,0,0,3,6,0,0,0,0,0,0,0,0,0,0,3.5,0.033,0.033333333,2.75,0.093333333,0.216666667
2/28/2023,18.5,31.7,12.7,8.6,5.7,3.6,4.4,3.4,6.7,4.8,18.78965882,30.66229614,13.22612947,8.775728316,6.051797027,3.370124622,4.374816411,3.390013491,6.852926304,4.70961161,0,0,0,0,0,0,0,0,0,0,0,0,0,0,0,0,0,0,0,0,0,0,0,0,0,0,0,0,0,0,1,0,0,0,1,0,0,0,0,0,3,6,0,0,0,0,0,0,3,6,0,0,0,0,0,0,0,0,0,0,3.5,0.033,0.033333333,2.75,0.043333333,0.143333333
3/31/2023,17.1,32.5,12.1,9.1,6.1,3.8,4.8,3.4,6.1,4.9,17.9843332,32.18202897,11.94555167,8.905351222,5.748609912,3.504593372,4.487373393,3.77244655,6.353107778,4.99174946,0,0,0,0,0,0,0,0,0,0,0,0,0,0,0,0,0,0,0,0,0,0,0,0,0,0,0,0,0,0,1,0,0,0,1,0,0,0,0,0,3,6,0,0,0,0,0,0,3,6,0,0,0,0,0,0,0,0,0,0,3.5,0,0.016666667,2.82,0.023333333,0.095
4/30/2023,18.2,31.5,12.2,8.6,5.7,3.7,4.9,3.9,5.9,5.5,17.56623972,32.05182254,12.4148298,8.671571967,6.506627285,3.542477151,4.58297175,3.240089347,6.239207938,5.067640717,0,0,0,0,0,0,0,0,0,0,0,0,0,0,0,0,0,0,0,0,0,0,0,0,0,0,0,0,0,0,1,0,0,0,1,0,0,0,0,0,3,6,0,0,0,0,0,0,3,6,0,0,0,0,0,0,0,0,0,0,3.5,0,0.016666667,3,0.083333333,0.088333333
5/31/2023,18.7,31.7,12.1,8.5,6.2,4,4.5,3.7,5.8,4.9,18.01211757,31.58321436,12.26415036,9.008728402,5.711564113,3.654003253,4.637685852,3.78226553,6.224266291,5.11668745,1,0,0,0,0,0,0,0,0,0,1,1,0,0,0,0,0,0,0,0,0,0,0,0,0,0,0,0,0,0,1,0,0,0,1,0,0,0,0,0,3,6,0,0,0,0,0,0,3,6,0,0,0,0,0,0,0,0,0,0,3.6,0.033,0.033333333,3.21,0.13,0.098333333
6/30/2023,18.6,31.4,12.4,8.2,6.2,3.8,4.5,3.6,6.2,5.3,18.86045261,31.69756301,11.65558107,8.371971893,6.404795541,3.942450373,4.73772344,3.631560691,5.856605695,4.981729719,0,0,0,0,0,0,0,0,1,0,1,1,0,0,0,0,0,0,0,0,0,0,0,0,0,0,1,1,0,0,1,0,0,0,1,0,0,0,0,0,3,6,0,0,0,0,0,0,3,6,0,0,0,0,0,0,0,0,0,0,3.6,0.033,0.016666667,3.39,0.13,0.106666667
7/31/2023,19.7,29.8,14.2,7.4,7,3.5,4.8,3.4,5.4,5.2,18.58727416,30.99388908,12.93026149,8.061191362,6.378751041,3.652721047,4.32440135,3.79397784,6.215024039,5.356652531,1,0,0,0,0,0,0,0,0,0,2,2,0,0,0,0,0,0,0,0,0,0,0,0,0,0,1,1,0,0,1,0,0,0,1,0,0,0,0,0,3,6,0,0,0,0,0,0,3,6,0,0,0,0,0,0,0,0,0,0,3.6,0,0.016666667,3.75,0.18,0.166666667
8/31/2023,18.5,30.4,12.7,8.8,6.5,3.5,4.9,3.9,5,6,19.88317143,29.27300491,14.06775703,7.702282139,7.046835027,3.606680965,4.707105743,3.470502533,5.279196347,5.337479873,0,0,0,0,1,0,0,0,0,0,1,2,0,0,0,0,0,0,1,1,0,0,0,0,0,0,1,1,0,0,1,0,0,0,1,0,0,0,0,0,3,6,0,0,0,0,0,0,3,6,0,0,0,0,0,0,0,0,0,0,3.6,0,0.016666667,3.86,0.156666667,0.173333333
9/30/2023,19.7,28.2,12.9,8.7,6.3,3.6,5.4,4,5.1,5.7,17.80208593,30.83002106,12.19956752,8.833837253,6.223876803,3.941314411,5.011256864,3.88018184,5.395984146,5.855783741,1,0,0,0,0,0,0,0,0,0,2,3,0,0,0,0,0,0,1,1,0,0,0,0,0,0,0,1,0,0,1,0,0,0,1,0,0,0,0,0,3,6,0,0,0,0,0,0,3,6,0,0,0,0,0,0,0,0,0,0,3.6,0,0.016666667,4.07,0.106666667,0.178333333
10/31/2023,20.4,25.8,13,9.4,6.2,3.9,5.7,3.7,5.3,6.7,20.43499696,27.82459775,12.04499885,9.209666894,6.207394817,3.748468841,5.381819933,3.981235191,5.096579339,5.970840315,0,1,0,0,0,0,0,0,0,0,1,3,1,1,0,0,0,0,1,1,0,0,0,0,0,0,0,1,0,0,1,0,0,0,1,0,0,0,0,0,3,6,0,0,0,0,0,0,3,6,0,0,0,0,0,0,0,0,0,0,3.7,0.033,0.016666667,4.25,0.13,0.173333333
11/30/2023,19.3,26.3,13,9.9,5.7,4.1,6.2,4.1,5.2,6.5,19.04406466,26.39681495,13.47219792,9.176301251,6.628761588,4.096269334,5.568796094,3.836646221,5.490700922,6.197497332,0,0,0,0,0,0,0,0,0,0,1,2,1,1,0,0,0,0,0,1,0,0,0,0,0,0,0,1,0,0,1,0,0,0,1,0,0,0,0,0,3,6,0,0,0,0,0,0,3,6,0,0,0,0,0,0,0,0,0,0,3.7,0.033,0.016666667,4.25,0.06,0.143333333
12/31/2023,18.9,25.6,13.4,10.9,6.8,3.8,5.4,3.6,5.4,6.3,18.40214361,27.13797968,12.59624532,10.23705769,6.113994416,4.068326007,5.97838548,3.904986758,4.929992235,6.484597856,0,0,0,0,0,0,0,0,0,0,0,2,1,1,0,0,0,0,0,1,0,0,0,0,0,0,0,0,0,0,1,0,0,0,1,0,0,0,0,0,3,6,0,0,0,0,0,0,3,6,0,0,0,0,0,0,0,0,0,0,3.8,0.033,0.033333333,4.37,0.04,0.103333333
1/31/2024,19.3,25.8,13.1,10.6,6.8,4,5.9,3.4,5.2,6,19.35730854,25.66473336,13.31711741,10.54857449,6.380746845,3.889941273,5.866524047,3.329147205,5.511765459,6.130569504,0,0,0,0,0,0,0,0,0,0,0,1,0,1,0,0,0,0,0,1,0,0,0,0,0,0,0,0,0,0,1,0,0,0,1,0,0,0,0,0,3,6,0,0,0,0,0,0,3,6,0,0,0,0,0,0,0,0,0,0,3.9,0.067,0.05,4.5,0.083333333,0.106666667
2/29/2024,19,27.7,13.8,9.9,6.2,4,5.8,3.6,5.2,4.6,19.29135607,26.45443074,12.65272958,10.25470112,7.373518185,3.717461158,5.690189456,3.557352862,5.26620356,5.712920188,0,0,0,0,0,0,0,0,0,0,0,1,0,1,0,0,0,0,0,0,0,0,0,0,0,0,0,0,0,0,1,0,0,0,1,0,0,0,0,0,3,6,0,0,0,0,0,0,3,6,0,0,0,0,0,0,0,0,0,0,3.9,0.033,0.05,4.5,0.043333333,0.071666667
3/31/2024,18.2,26.5,14.8,9.9,6.5,3.8,5.9,4,5.8,4.6,19.06084261,27.2799428,14.11593791,9.894003246,6.375153614,3.788113807,5.619107785,3.417230818,5.515111196,4.869698997,0,0,1,0,0,0,0,0,0,0,0,0,0,1,1,1,0,0,0,0,0,0,0,0,0,0,0,0,0,0,1,0,0,0,1,0,0,0,0,0,3,6,0,0,0,0,0,0,3,6,0,0,0,0,0,0,0,0,0,0,4,0.033,0.05,4.5,0,0.041666667
4/30/2024,19.5,26.4,15.2,10,6.2,3.8,5.5,3.6,5.5,4.2,18.70409189,26.02540799,15.43987553,10.12653729,5.826287004,3.938071625,5.64120958,3.751818748,5.938187935,4.651170604,0,0,0,0,0,0,0,0,1,0,0,0,0,0,1,1,0,0,0,0,0,0,0,0,0,0,1,1,0,0,1,0,0,0,1,0,0,0,0,0,3,6,0,0,0,0,0,0,3,6,0,0,0,0,0,0,0,0,0,0,4,0.033,0.05,4.5,0,0.041666667
5/31/2024,19.9,25.2,17.1,9.3,6.1,4.1,5.9,3.7,5,3.8,20.46417056,26.71589162,15.22549273,9.798046007,5.738428541,3.745567514,5.474177638,3.432419517,5.345150822,3.986919724,0,0,0,0,1,0,0,0,0,0,0,0,0,0,1,1,0,0,1,1,0,0,0,0,0,0,1,1,0,0,1,0,0,0,1,0,0,0,0,0,3,6,0,0,0,0,0,0,3,6,0,0,0,0,0,0,0,0,0,0,4,0,0.033333333,4.5,0,0.021666667
6/30/2024,19.7,24.2,17.2,9.7,6.3,3.5,5.9,3.4,6.6,3.5,19.46124841,25.01429125,17.95100437,9.438448122,5.928097,3.723371921,5.807493535,3.385300281,5.598997316,3.664173856,0,0,0,0,1,0,0,0,0,0,0,0,0,0,0,1,0,0,2,2,0,0,0,0,0,0,1,1,0,0,1,0,0,0,1,0,0,0,0,0,3,6,0,0,0,0,0,0,3,6,0,0,0,0,0,0,0,0,0,0,4,0,0.016666667,4.5,0,0
7/31/2024,21.1,24.9,16.5,9.5,4.7,3.9,5.6,3.7,5.4,4.7,20.26147037,24.33728495,17.03371476,9.822551055,5.53205308,3.679134885,5.804350323,3.60991485,5.920038439,4.011634559,0,0,0,0,0,0,0,0,0,0,0,0,0,0,0,1,0,0,2,2,0,0,0,0,0,0,0,1,0,0,1,0,0,0,1,0,0,0,0,0,3,6,0,0,0,0,0,0,3,6,0,0,0,0,0,0,0,0,0,0,4,0,0.016666667,4.5,0,0
8/31/2024,20.7,25.2,16.4,9.1,6.2,3.9,5.2,3.6,5.7,4.2,21.0067642,25.5920275,15.65560714,9.493950382,4.817890598,4.072784694,5.853634371,3.460517656,5.74049705,4.263448137,0,0,0,0,0,0,0,0,0,0,0,0,0,0,0,1,0,0,1,2,0,0,0,0,0,0,0,1,0,0,1,0,0,0,1,0,0,0,0,0,3,6,0,0,0,0,0,0,3,6,0,0,0,0,0,0,0,0,0,0,4,0,0,4.5,0,0
9/30/2024,20.6,24.6,18.9,9,6,2.9,5.1,3.3,5.6,3.9,20.66684718,25.18568496,16.9759072,9.033920791,5.870435841,3.593324681,5.34845571,3.611968575,5.778006176,4.137706823,0,0,0,0,0,0,0,0,0,0,0,0,0,0,0,0,0,0,0,2,0,0,0,0,0,0,0,1,0,0,1,0,0,0,1,0,0,0,0,0,3,6,0,0,0,0,0,0,3,6,0,0,0,0,0,0,0,0,0,0,4,0,0,4.5,0,0
10/31/2024,19.9,23.4,20.3,8.8,5.8,3.3,5.5,3.5,5.9,3.7,20.76680493,23.90060692,18.10281585,8.766240197,6.335469864,3.431756119,5.326498919,3.769180811,5.476148628,4.216952117,0,0,0,0,0,0,0,0,0,0,0,0,0,0,0,0,0,0,0,2,0,0,0,0,0,0,0,0,0,0,1,0,0,0,1,0,0,0,0,0,3,6,0,0,0,0,0,0,3,6,0,0,0,0,0,0,0,0,0,0,4,0,0,4.5,0,0
11/30/2024,18.7,22.4,22,9,6.6,3.1,5.1,3.4,5.9,3.8,19.13340337,23.48913418,20.77265646,9.080588357,5.857174577,3.215431163,5.334225366,3.492581083,5.851031661,3.942052627,0,0,0,0,0,0,0,0,0,0,0,0,0,0,0,0,0,0,0,1,0,0,0,0,0,0,0,0,0,0,1,0,0,0,1,0,0,0,0,0,3,6,0,0,0,0,0,0,3,6,0,0,0,0,0,0,0,0,0,0,4.1,0.033,0.016666667,4.5,0,0
12/31/2024,17.2,21.2,25.4,9.4,5.3,3.9,5.3,3.1,5.8,3.5,19.40035172,21.77231799,22.0489087,9.197820797,6.119425133,3.338340102,5.168389116,3.232334286,5.947230317,3.791133176,0,0,0,0,0,0,0,0,0,0,0,0,0,0,0,0,0,0,0,0,0,0,0,0,0,0,0,0,0,0,1,0,0,0,1,0,0,0,0,0,3,6,0,0,0,0,0,0,3,6,0,0,0,0,0,0,0,0,0,0,4.1,0.033,0.016666667,4.5,0,0
1/31/2025,19.1,22.2,24.1,8,5.9,3.4,4.5,3.3,5.6,3.9,17.7049888,21.909797,25.27049967,8.943620915,5.348428099,3.231246917,5.211091267,3.139202945,5.670655596,3.288060964,0,0,0,0,0,0,0,0,0,0,0,0,0,0,0,0,0,0,0,0,0,0,0,0,0,0,0,0,0,0,1,0,0,0,0,0,0,0,0,0,3,6,0,0,0,0,0,0,2,5,0,0,0,0,0,0,0,0,0,0,4.1,0,0.016666667,4.5,0,0
2/28/2025,24.8,18.4,24.6,7.4,6.6,3,4.2,2.4,5.4,3.2,19.66480134,21.52981463,23.83313252,8.006236499,6.474789609,3.124925305,4.948923434,3.03165511,5.662676344,3.871560149,0,0,0,0,0,0,0,0,0,0,0,0,0,0,0,0,0,0,0,0,0,0,0,0,0,0,0,0,0,0,1,0,0,0,0,0,0,0,0,0,3,6,0,0,0,0,0,0,1,4,0,0,0,0,0,0,0,0,0,0,4.1,0,0.016666667,4.5,0,0
3/31/2025,28.1,18.8,22.7,7.2,4.9,3.1,4.3,2.7,4.6,3.4,26.54079732,18.14990303,23.598259,7.180187925,5.979398427,3.231836736,4.444758019,2.543152992,4.937032797,3.516005961,0,0,0,0,0,0,0,0,0,0,0,0,0,0,0,0,0,0,0,0,0,0,0,0,0,0,0,0,0,0,1,0,0,0,0,0,0,0,0,0,3,6,0,0,0,0,0,0,0,3,0,0,0,0,0,0,0,0,0,0,4,-0.033,0,4.5,0,0
4/30/2025,28.1,19.8,20,6.3,6.7,3.3,3.9,3.1,4.8,3.9,27.56714717,19.87158234,21.50144842,6.802077843,5.314314523,3.383189109,4.297188631,3.032261212,4.559536594,3.607390676,0,0,0,0,0,0,0,0,0,0,0,0,0,0,0,0,0,0,0,0,0,0,0,0,0,0,0,0,0,0,1,0,0,0,0,0,0,0,0,0,3,6,0,0,0,0,0,0,0,2,0,0,0,0,0,0,0,0,0,0,4,-0.033,-0.016666667,4.2,-0.1,-0.05
5/31/2005,,,,,,,,,,,,,,,,,,,,,0,0,0,0,0,0,0,0,0,0,0,0,0,0,0,0,0,0,0,0,0,0,0,0,0,0,0,0,0,0,1,0,0,0,0,0,0,0,0,0,3,6,0,0,0,0,0,0,0,1,0,0,0,0,0,0,0,0,0,0,4,0,-0.016666667,4.2,-0.1,-0.05
6/30/2025,,,,,,,,,,,,,,,,,,,,,0,0,0,0,0,0,0,0,0,0,0,0,0,0,0,0,0,0,0,0,0,0,0,0,0,0,0,0,0,0,1,0,0,0,0,0,0,0,0,0,3,6,0,0,0,0,0,0,0,0,0,0,0,0,0,0,0,0,0,0,4,0,-0.016666667,4.2,0,-0.05
7/31/2025,,,,,,,,,,,,,,,,,,,,,0,0,0,0,0,0,0,0,0,0,0,0,0,0,0,0,0,0,0,0,0,0,0,0,0,0,0,0,0,0,1,0,0,0,0,0,0,0,0,0,3,6,0,0,0,0,0,0,0,0,0,0,0,0,0,0,0,0,0,0,4,0,-0.016666667,4,-0.066666667,-0.083333333
8/31/2025,,,,,,,,,,,,,,,,,,,,,0,0,0,0,0,0,0,0,0,0,0,0,0,0,0,0,0,0,0,0,0,0,0,0,0,0,0,0,0,0,1,0,0,0,0,0,0,0,0,0,3,6,0,0,0,0,0,0,0,0,0,0,0,0,0,0,0,0,0,0,4,0,0,4,-0.066666667,-0.083333333
9/30/2025,,,,,,,,,,,,,,,,,,,,,0,0,0,0,0,0,0,0,0,0,0,0,0,0,0,0,0,0,0,0,0,0,0,0,0,0,0,0,0,0,1,0,0,0,0,0,0,0,0,0,3,6,0,0,0,0,0,0,0,0,0,0,0,0,0,0,0,0,0,0,4,0,0,4,0,-0.033333333
